,GO_ID,Term,p.value,p.adj,z.score,set.size,set.mean,set.sd,num.overlap,Genes,module,tissue,fraction_overlap,SIGN
0,GO:0031414,N-terminal protein acetyltransferase complex,0.0,0.0,8.97311642999307,8,0.625,0.517549169506766,5,"Naa16, Naa30, Naa50, Naa35, Naa25",black,islet,0.625,SIGNED
1,GO:0051020,GTPase binding,0.0,0.0,10.3593943372867,274,0.288321167883212,0.453810193082032,79,"Ankfy1, Dvl2, Evi5, Fer, Gdi1, Hdac3, Myo5b, Ndrg1, Ptprn, Pex5, Dennd5a, Rock2, Hps6, Sorl1, Tnfaip1, Fmnl3, Git2, Preb, Sgsm1, Arhgef7, Rragc, Rabggta, Rabgef1, Tbc1d20, Dock5, Rasip1, Inf2, Ipo5, Rgl3, Xpo5, Vps9d1, Xpo6, Ranbp10, Bicdl1, Ipo4, Rab11fip1, Dock11, Cyfip2, Bicd2, Atg16l1, Rbsn, Wasf1, Sh3bp4, Rab3gap2, Rcc1, Rusc2, Exoc8, Mycbp2, Sgsm3, Gga1, Eprs, Braf, Cse1l, Erc1, Rims2, Mfn2, Flna, Bicdl2, Tnpo2, Ccdc186, Git1, Cdc42bpb, Farp1, Ric1, Mapkap1, Rabgap1, Dennd1a, Ambra1, Strip1, Ipo13, Arhgef16, Picalm, Rims4, Ppp1r9a, Ankrd27, Rinl, Ipo8, Abi2, Cdkl5",blue,islet,0.288321167883212,SIGNED
2,GO:0004674,protein serine/threonine kinase activity,2.2204460492503099e-16,1.63131157327987e-13,8.19244609743115,362,0.187845303867403,0.391129196078453,68,"Acvr2b, Atm, Camk4, Cdk11b, Chek1, Clk2, Plk3, Dclk1, Dyrk1b, Eif2ak1, Ikbkb, Mapkapk2, Mark3, Mknk1, Nek1, Nlk, Cdk14, Pik3ca, Pikfyve, Prkcb, Prkd1, Prkdc, Ptk2b, Snrk, Top1, Map2k3, Map3k3, Mapk10, Eif2ak4, Ulk2, Mapk6, Stk39, Stk19, Tbk1, Ikbke, Brd4, Trpm7, Riok3, Dapk1, Cdk3, Csnk1g3, Sik3, Riok1, Ulk3, Ripk4, Rps6kb1, Akap13, Stk17b, Vrk3, Prkab2, Pkn2, Braf, Raf1, Taok1, Stk24, Nrbp2, Map4k3, Cdc42bpa, Wnk1, Cdk10, Cdk8, Adck5, Stkld1, Mast4, Taok2, Map4k5, Kalrn, Tnik",brown,islet,0.187845303867403,SIGNED
3,GO:0044278,cell wall disruption in another organism,0.0,0.0,24.8341607168746,6,1.0,0.0,6,"Reg3b, Reg1, Reg2, Reg3a, Reg3g, Reg3d",cyan,islet,1.0,SIGNED
4,GO:0000118,histone deacetylase complex,7.7715611723761e-15,1.93439678361602e-12,7.77031729097614,62,0.0806451612903226,0.274512211008174,5,"Zbtb7a, Tet1, Gatad2b, Gatad2a, Nrip1",darkred,islet,0.0806451612903226,SIGNED
5,GO:0006607,NLS-bearing protein import into nucleus,6.66133814775094e-16,1.5969681717371299e-12,8.07546967804303,6,0.833333333333333,0.408248290463863,5,"Kpna1, Kpna3, Kpna4, Ranbp2, Nup35",green,islet,0.833333333333333,SIGNED
6,GO:0060428,lung epithelium development,2.68136624015369e-11,2.5498169569728704e-09,6.66308576103641,54,0.12962962962963,0.339049520304525,7,"Creb1, Eya1, Fgf10, Fgfr2, Fgfr4, Foxj1, Igf1",greenyellow,islet,0.12962962962963,SIGNED
7,GO:0050907,detection of chemical stimulus involved in sensory perception,4.5291785610857e-07,7.72674469878104e-05,5.04525460191372,54,0.777777777777778,0.419643454531126,42,"Car6, Gnat1, Pip, Tas2r105, Tas2r119, Rtp4, Tas1r2, Tas1r3, Tas2r116, Asic3, Trpv1, Rtp2, Rtp3, Slc24a4, Pkd1l3, Olfr851, Trpa1, Pkd2l1, Tas2r139, Tas2r136, Tas2r123, Tas2r102, Tas2r104, Tas2r106, Tas2r107, Tas2r109, Tas2r110, Tas2r113, Tas2r118, Tas2r120, Tas2r121, Tas2r124, Tas2r125, Tas2r126, Tas2r129, Tas2r130, Tas2r134, Tas2r138, Tas2r144, Tas2r140, Gm7609, Vmn2r65",grey,islet,0.777777777777778,SIGNED
8,GO:0015986,proton motive force-driven ATP synthesis,0.0,0.0,36.1044876390986,43,0.465116279069767,0.504684588407751,20,"Atp5g1, Atp5k, Ndufa2, Sdhc, Ndufa3, Ndufc1, Ndufa7, Ndufa13, Ndufb8, Ndufb4, Ndufb2, Ndufa5, Ndufb10, Ndufa8, Ndufa11, Ndufab1, Ndufs7, Ndufv3, Ndufs8, Ndufs6",grey60,islet,0.465116279069767,SIGNED
9,GO:0062023,collagen-containing extracellular matrix,0.0,0.0,27.804906921712,320,0.15,0.357630656572358,48,"Bgn, Col14a1, Col18a1, Col2a1, Col3a1, Col5a1, Col5a2, Col6a2, Col8a1, Col1a1, Col1a2, Ctsc, Dcn, Eln, Fbln2, Fbn1, Fn1, Gpc3, Lama2, Lox, Loxl1, Lum, Nid1, Ogn, Pmp22, Ptn, Serpinf1, Sfrp1, Slit2, Tgm2, Timp1, Mfap5, Postn, Col5a3, Htra1, Dpt, Pf4, Smoc2, Plxdc2, Ccdc80, Pxdn, Rarres2, Prelp, Colec12, Cilp, Adamts2, Spon1, Abi3bp",lightgreen,islet,0.15,SIGNED
10,GO:0048066,developmental pigmentation,4.44089209850063e-16,9.030474780656411e-14,8.11014253887316,49,0.102040816326531,0.305838870920598,5,"Ap3d1, Mef2c, Mitf, Vps33a, Hps4",lightyellow,islet,0.102040816326531,SIGNED
11,GO:0003184,pulmonary valve morphogenesis,0.0,0.0,8.34178079365445,17,0.294117647058824,0.469668218313862,5,"Smad2, Slit2, Stra6, Adamts5, Tbx20",magenta,islet,0.294117647058824,SIGNED
12,GO:0007059,chromosome segregation,0.0,0.0,33.7273072199977,359,0.172701949860724,0.378516949830568,62,"Birc5, Brca1, Bub1, Aspm, Ect2, Smc2, Incenp, Kif4, Mki67, Plk1, Aurkb, Aurka, Tacc3, Top2a, Cdc6, Cenph, Chek2, Cdca8, Spag5, Ncapg, Psrc1, Cenpk, Ska2, Ska1, Mis18a, Dsn1, Nuf2, Ndc80, Fbxo5, Cdt1, Cdca5, Zwilch, Ncapd2, Sgo2a, Trip13, Smc4, Kif18b, Spdl1, Oip5, Fam83d, Esco2, Dscc1, Tpx2, Cenpn, Ndc1, Kif2c, Ncapg2, Knl1, Espl1, Cdc20, Cenpf, Nusap1, Cdca2, Gen1, Kif15, Ncaph, Kif18a, Cenpe, Prc1, Ankle1, Ccnb1, Kifc1",midnightblue,islet,0.172701949860724,SIGNED
13,GO:0014068,positive regulation of phosphatidylinositol 3-kinase signaling,0.0,0.0,8.71685998596913,66,0.0757575757575758,0.266637527545488,5,"Angpt1, Cat, Sox9, Pdgfc, Pik3ap1",orange,islet,0.0757575757575758,SIGNED
14,GO:0022626,cytosolic ribosome,0.0,0.0,13.6472330152237,47,0.234042553191489,0.427976327943843,11,"Rplp0, Rpl22, Rpl32-ps, Rps3a1, Rpl8, Rps26, Rps27, Rps21, Rpl37, Rpl34, Rpl36-ps4",pink,islet,0.234042553191489,SIGNED
15,GO:0000786,nucleosome,0.0,0.0,35.5095390786128,72,0.0833333333333333,0.278324969653092,6,"H4c3, H2ac11, H2ac12, H2ac20, H2ac13, H3c1",plum1,islet,0.0833333333333333,SIGNED
16,GO:0048873,homeostasis of number of cells within a tissue,2.14696905587175e-07,2.01638021639089e-05,5.18614046211721,39,0.128205128205128,0.33868842842937,5,"P2rx7, Pantr2, Sash3, Tex15, Gigyf2",purple,islet,0.128205128205128,SIGNED
17,GO:0098798,mitochondrial protein-containing complex,0.0,0.0,8.54096424833563,212,0.127358490566038,0.33416317462213,27,"Slc25a4, Atp5j, Cox5a, Ndufs4, Pdha1, Ndufa9, Ndufb9, Iscu, Mrpl11, Uqcrh, Uqcrfs1, Etfdh, Sdhd, Ndufa10, Sdhb, Mrpl13, Mrpl58, Ndufv2, Pmpcb, Malsu1, Mrpl1, Mrpl3, Mrpl16, Mrpl27, Ndufb11, Mrpl22, Lyrm4",red,islet,0.127358490566038,SIGNED
18,GO:0019783,ubiquitin-like protein peptidase activity,7.334022278371319e-11,1.36911768352383e-08,6.51366235343388,99,0.0505050505050505,0.220099113746947,5,"Usp15, Usp48, Otud7a, Senp6, Otud7b",royalblue,islet,0.0505050505050505,SIGNED
19,GO:0071219,cellular response to molecule of bacterial origin,0.0,0.0,13.8608637849257,170,0.147058823529412,0.355210825070307,25,"Cd14, Cebpb, Fzd5, Cxcl1, Cxcl10, Il10, Il1b, Il6, Nfkbia, Nfkbib, Serpine1, Rela, Ccl2, Cxcl2, Tnfaip3, Zfp36, Litaf, Sash1, Nfkbiz, Bcr, Trib1, Sbno2, Nr1d1, Zc3h12a, Cxcl3",salmon,islet,0.147058823529412,SIGNED
20,GO:0000786,nucleosome,0.0,0.0,24.6758151704554,72,0.0694444444444444,0.255992346325338,5,"H3c7, H4c12, H2bc1, H2bc9, H2bc14",skyblue3,islet,0.0694444444444444,SIGNED
21,GO:0010256,endomembrane system organization,4.44089209850063e-15,1.40407946707241e-12,7.83938411951123,465,0.0623655913978495,0.242078810591994,29,"Akt1, Abcd1, Cplx2, Lmnb1, Emc8, Rab5c, Rtn3, Stxbp1, Ywhaz, Mapk3, Sec61a1, Vti1a, Vapb, Syt9, Retreg3, Washc1, Sec31a, Slc9a8, Plekhj1, Golga2, AU040320, Snx19, Bcas3, Hps1, Washc5, Retreg2, Gak, Cog7, Fam174b",tan,islet,0.0623655913978495,SIGNED
22,GO:0005267,potassium channel activity,6.90559036620186e-08,0.0001497855434192,5.39361029649037,104,0.451923076923077,0.500093344535491,47,"Gria2, Grik3, Grik5, Hcn1, Kcna2, Kcna3, Kcnc1, Kcnd1, Kcnd2, Kcnh1, Kcnj12, Kcnj4, Kcnj6, Kcnj9, Kcnk2, Kcnk3, Kcnk4, Kcnu1, Kcnq1, Kcnk6, Kcnj1, Kcnd3, Trpm5, Kcnmb4, Kcnq4, Kcnk10, Kcnip4, Kcnip2, Kcnb2, Grik4, Kcnh7, Kcnh6, Kcnh8, Kcnk13, Kcnk9, Kcnq5, Lrrc26, Kcnh5, Kcng2, Kcnt2, Lrrc52, Kcnk15, Kcng1, Kcne2, Kcnc2, Hcn4, Kcnh4",turquoise,islet,0.451923076923077,SIGNED
23,GO:0010889,regulation of sequestering of triglyceride,2.01827221602002e-10,1.9560063710577e-07,6.35994402419807,14,0.571428571428571,0.513552591013095,8,"Plin2, Cidea, Lpl, Ppara, Pnpla2, Plin3, Plin5, Fitm2",yellow,islet,0.571428571428571,SIGNED
24,GO:0071482,cellular response to light stimulus,1.08465676440517e-06,0.0001444623263703,4.87562283474246,87,0.0574712643678161,0.234090115776375,5,"Gnb5, Mmp2, Triap1, Mfap4, Cers1",black,islet,0.0574712643678161,UNSIGNED
25,GO:0005685,U1 snRNP,0.0,0.0,9.88521126606833,15,0.533333333333333,0.516397779494322,8,"Snrnp70, Snrpa, Prpf40b, Prpf40a, Luc7l, Luc7l3, Luc7l2, Prpf39",blue,islet,0.533333333333333,UNSIGNED
26,GO:0005797,Golgi medial cisterna,0.0,0.0,8.55956225227134,20,0.3,0.470162345981627,6,"H2-D1, H2-K1, H2-Q1, H2-Q4, Yipf6, B3galt6",brown,islet,0.3,UNSIGNED
27,GO:0015986,proton motive force-driven ATP synthesis,0.0,0.0,24.8149299002599,43,0.186046511627907,0.393749615479079,8,"Atp5k, Ndufa3, Ndufc1, Ndufa7, Ndufb3, Ndufa5, Ndufa11, Gm5426",cyan,islet,0.186046511627907,UNSIGNED
28,GO:0043204,perikaryon,2.64432513663593e-08,3.6062577836457e-06,5.56348967574475,127,0.0551181102362205,0.229114465541157,7,"Htr5a, Kif5a, Septin4, Cacna1f, Grik4, Gigyf2, Chrna10",green,islet,0.0551181102362205,UNSIGNED
29,GO:0044278,cell wall disruption in another organism,0.0,0.0,32.8726478723803,6,1.0,0.0,6,"Reg3b, Reg1, Reg2, Reg3a, Reg3g, Reg3d",greenyellow,islet,1.0,UNSIGNED
30,GO:0031012,extracellular matrix,8.8949828239469e-05,0.0476666432506802,-3.91891132896557,429,0.72027972027972,0.449385786518839,309,"Acta2, Acan, Angpt1, Angpt2, Agrn, Ahsg, Alpl, Alb, Ambn, Ambp, Amelx, Ang2, Anxa11, Anxa3, Anxa4, Anxa6, Anxa7, Apoe, Serpinc1, Bcan, Bmp1, Calr, Cask, Runx1, Entpd1, Entpd2, Chad, Coch, Col10a1, Col11a1, Col12a1, Col13a1, Col14a1, Col15a1, Col17a1, Col19a1, Col4a1, Col4a3, Col4a4, Col4a5, Col6a3, Col8a1, Col9a2, Col9a3, Hapln1, Vcan, Smc3, Ctsb, Ctsc, Ctsd, Ctsl, Dag1, Dlg1, Dmp1, Ecm1, Sparcl1, Efna5, Enam, F2, Fbln2, Fbn2, Fcna, Fga, Fgf1, Fgfr2, Ccn2, Gp1ba, Gpc1, Gpc3, Gpc4, Gpld1, Hcfc1, Hpse, Igf1, Ccn1, Igfbp6, Ihh, Il16, Lrig1, Itga6, Itih3, Kng1, Krt1, Lad1, Lama1, Lama3, Lama5, Lamb1, Lamb2, Lamb3, Lgals3, Lox, Loxl1, Loxl3, Anxa1, Lrrn1, Ltbp2, Ltbp3, Cd180, Matn2, Mfge8, Mmp12, Mmp10, Mmp11, Mmp13, Mmp15, Mmp16, Mmp24, Mmp3, Mmp7, Mmp8, Muc5ac, Myoc, Ndp, Nid1, Nid2, Ccn3, Ntn1, Oc90, Ogn, Tnfrsf11b, Otog, Pcsk6, Pkm, Serpine1, Plg, Serpinf2, Plod1, Plscr2, Plxna2, Pmp22, Prg2, Ptprz1, Ptx3, Rbp3, Reln, S100a10, S100a13, S100a6, Glg1, Sema3c, Sfrp1, Shh, Slit2, Sod3, Sparc, Serpinb6a, Serpine2, Tectb, Tgfb2, Tgfb3, Tgfbi, Tgfbr3, Timp2, Clec3b, Tnc, Tnr, Ush2a, Vegfa, Ccn4, Wnt2, Wnt3, Wnt5a, Wnt5b, Wnt6, Zp1, Zp3, Adamts5, Gpc6, Insl5, Mmp17, Angptl2, Tinag, Omd, Mmp20, Adamts8, Mfap5, Postn, Col5a3, Egfl6, Tfip11, Hsd17b12, P3h1, Dpt, Pf4, Mmp19, Impg1, Smoc2, Smoc1, Svep1, Nepn, Aspn, Clec14a, Tril, Plxdc2, Ccdc80, Ucma, Srpx2, Pxdn, Col22a1, Lman1, Gfod2, Mmrn1, Col24a1, Amtn, Mamdc2, Cpn2, Angptl1, Bmper, Snorc, Muc5b, Vit, Lrrtm1, Lrrc15, Lrrc17, Igfbpl1, Pcolce2, Hnrnpm, Col25a1, Adamtsl1, Adamtsl2, Nav2, Crispld2, Mepe, Hrg, Tinagl1, Prg4, Fibcd1, Fgg, Spon2, Emilin1, Adamts9, Gpc5, Mmrn2, Col16a1, Tspan9, Fgb, Timp4, Npnt, Muc4, Col26a1, Colec12, Papln, Lrrc3c, Itgb4, Elfn2, Thsd4, Adamts18, P3h2, Chadl, Mmp21, Sema6d, Fam20b, Fcgbp, Lrrtm3, Lrrc3b, Impg2, Adamts10, Rell2, Lamc1, Adamtsl4, Megf9, Megf6, Fras1, Adamts17, Spon1, Fgl1, Lingo1, Nyx, Adamts14, Lingo3, Col23a1, Adamts19, Vwa2, Olfml2a, Lingo2, Elfn1, Sspo, Lrrtm4, Tsku, Vwa1, Egflam, Ltbp1, Optc, Rtn4rl2, Ssc5d, Adamtsl3, Adamts13, Vwc2, Lingo4, Ccbe1, Serac1, Ccn6, Tnn, Frem1, Adamts3, Hapln4, Tgm4, Frem3, Muc6, Lrrc24, Colq, Ecm2, Lrrc32, Hpse2, Hmcn1, Otogl, Hmcn2, Dspp",grey,islet,0.72027972027972,UNSIGNED
31,GO:0005583,fibrillar collagen trimer,0.0,0.0,34.2166211888191,11,0.636363636363636,0.504524979109513,7,"Col2a1, Col3a1, Col5a1, Col5a2, Col1a1, Col1a2, Lum",grey60,islet,0.636363636363636,UNSIGNED
32,GO:0030527,structural constituent of chromatin,0.0,0.0,37.0696470027276,33,0.181818181818182,0.39167472590032,6,"H4c3, H4c11, H4c12, H2bc1, H2bc9, H2bc14",lightsteelblue1,islet,0.181818181818182,UNSIGNED
33,GO:0004812,aminoacyl-tRNA ligase activity,0.0,0.0,21.186608023841,32,0.21875,0.420013440645154,7,"Sars, Cars, Nars, Iars, Yars, Mars1, Aars",lightyellow,islet,0.21875,UNSIGNED
34,GO:0000070,mitotic sister chromatid segregation,0.0,0.0,34.4701169127266,165,0.242424242424242,0.429854132257069,40,"Birc5, Bub1, Smc2, Incenp, Plk1, Aurkb, Ttk, Chek2, Cdca8, Spag5, Ncapg, Cenpk, Dsn1, Nuf2, Ndc80, Fbxo5, Cdca5, Zwilch, Ncapd2, Trip13, Smc4, Kif18b, Spdl1, Esco2, Dscc1, Tpx2, Kif2c, Ncapg2, Espl1, Cdc20, Nusap1, Kif22, Gen1, Kif15, Ncaph, Kif18a, Cenpe, Prc1, Ccnb1, Kifc1",magenta,islet,0.242424242424242,UNSIGNED
35,GO:0016126,sterol biosynthetic process,0.0,0.0,49.1520763404393,52,0.211538461538462,0.412383719156125,11,"Hmgcr, Hsd17b7, Lss, Nsdhl, Sqle, Msmo1, Tm7sf2, Dhcr24, Fdps, Mvd, Hmgcs1",mediumpurple3,islet,0.211538461538462,UNSIGNED
36,GO:0000786,nucleosome,0.0,0.0,35.5095390786128,72,0.0833333333333333,0.278324969653092,6,"H2ac11, H2ac12, H2ac15, H2ac20, H2ac13, H3c1",navajowhite2,islet,0.0833333333333333,UNSIGNED
37,GO:0140236,translation at presynapse,0.0,0.0,34.7566864968943,15,0.4,0.50709255283711,6,"Rpl7, Rpl8, Rps26, Rps27, Rpl23, Rpl34",pink,islet,0.4,UNSIGNED
38,GO:0097398,cellular response to interleukin-17,0.0,0.0,13.856005998497,18,0.277777777777778,0.460888598962477,5,"Socs3, Cxcl1, Cxcl10, Il6, Nfkbiz",purple,islet,0.277777777777778,UNSIGNED
39,GO:0048806,genitalia development,9.23039422673355e-13,1.3650794059341301e-10,7.14150799710653,48,0.104166666666667,0.308709278188584,5,"Esr1, Fgf8, Hoxd13, Hsd17b3, Stra6",red,islet,0.104166666666667,UNSIGNED
40,GO:0005747,mitochondrial respiratory chain complex I,0.0,0.0,36.2140120705816,35,0.257142857142857,0.44343957363116,9,"Ndufa2, Ndufa4, Ndufs4, Ndufa13, Ndufb8, Ndufb4, Ndufb2, Ndufv3, Ndufs6",saddlebrown,islet,0.257142857142857,UNSIGNED
41,GO:0019783,ubiquitin-like protein peptidase activity,1.7541523789077502e-14,3.8048400409165695e-12,7.66800117501809,99,0.0505050505050505,0.220099113746947,5,"Usp15, Usp48, Otud7a, Senp6, Otud7b",salmon,islet,0.0505050505050505,UNSIGNED
42,GO:0060590,ATPase regulator activity,0.0,0.0,13.1443607267304,37,0.135135135135135,0.346583496606691,5,"Dnaja1, Hsph1, Dnajb2, Dnajb4, Ahsa1",tan,islet,0.135135135135135,UNSIGNED
43,GO:0005216,monoatomic ion channel activity,5.11856196316884e-07,0.0044390438212189,5.02181444974918,357,0.235294117647059,0.424777847152594,84,"Asic2, Chrna1, Chrna6, Chrng, Cacna1s, Cacng2, Clcn5, Gabra1, Gabra4, Gabrg3, Gria2, Grid1, Grik3, Grik5, Grin2d, Itgav, Itpr1, Itpr2, Kcnc1, Kcnd2, Kcnj10, Kcnj3, Kcnj9, Kcnk4, Kcnq1, Oprm1, Ptk2b, Ryr3, Scn7a, Scn8a, Scnn1b, Scnn1g, Slc1a1, Trpc1, Clca1, Best1, Clcn6, Kcnk6, Gria3, Cacng4, Panx1, Trpm5, Cacna1h, Kcnmb4, Kcnk10, Pkd1l2, Lrg1, Kcnip4, Slc24a3, Clca4b, Chrnb3, Grik4, Scn2a, Bsnd, Kcnh7, Trpm8, Tmc2, Kcnh8, Best2, Mcu, Tmc8, Kcnk9, Apol9a, Trpm3, P2rx3, P2rx2, Cnga4, Tpcn2, Scn3b, Kcnh5, Calhm3, Kcnt2, Lrrc52, Kcng1, Grin3a, Tmem266, Kcne2, Trpv3, Kcnc2, Cngb1, Kcnh4, Ano8, Lrrc8b, Calhm1",turquoise,islet,0.235294117647059,UNSIGNED
44,GO:0008201,heparin binding,5.0943539409154e-07,4.50578295162517e-05,5.02272470958569,137,0.0583941605839416,0.235347782630684,8,"App, Col5a1, Fgf1, Fgf10, Fgfr2, Adamts5, Reg4, Prss34",yellow,islet,0.0583941605839416,UNSIGNED
45,GO:0062187,"anandamide 8,9 epoxidase activity",4.13447054370408e-13,9.41625666328605e-09,7.25110005851471,10,0.5,0.52704627669473,5,"Cyp2b19, Cyp2d10, Cyp2d9, Cyp2d34, Cyp2d11",black,liver,0.5,SIGNED
46,GO:0043194,axon initial segment,1.94436911016282e-08,0.0001223665737964,5.61687950693758,25,0.36,0.489897948556636,9,"Ank3, Cck, Dlg2, Lgi1, Sptbn4, Camk2d, Kcnq3, Nav1, Nrcam",brown,liver,0.36,SIGNED
47,GO:0098798,mitochondrial protein-containing complex,0.0,0.0,26.0255474740963,212,0.165094339622642,0.37214440779376,35,"Atp5k, Cox4i1, Cox6a1, Cox8a, Timm10b, Grpel1, Mrpl40, Timm13, Mrpl12, Mrps24, Atp5d, Aurkaip1, Ndufa3, Tomm6, Mrps28, Mrps16, Mrps21, Ndufc1, Ndufa7, Mrpl11, Romo1, Ndufa13, Mrpl42, Ndufb10, Ndufa8, Mrpl14, Mrpl52, Smdt1, Ndufa11, Ndufab1, Ndufs7, Chchd10, Mrpl22, Ndufs8, Atp5g3",cyan,liver,0.165094339622642,SIGNED
48,GO:0015986,proton motive force-driven ATP synthesis,0.0,0.0,24.5178546085208,43,0.186046511627907,0.393749615479079,8,"Atp5j, Ndufa2, Ndufs4, Ndufb3, Ndufa6, Ndufb4, Ndufa5, Gm5426",darkgrey,liver,0.186046511627907,SIGNED
49,GO:0016126,sterol biosynthetic process,0.0,0.0,53.6407765081426,52,0.230769230769231,0.425435629811517,12,"Dhcr7, Hmgcr, Lss, Sqle, Erg28, Msmo1, Pmvk, Tm7sf2, Fdps, Mvd, Hmgcs1, Sc5d",darkmagenta,liver,0.230769230769231,SIGNED
50,GO:0030593,neutrophil chemotaxis,0.0,0.0,26.5671177314177,89,0.0561797752808989,0.231573204692959,5,"Cxcr2, Csf3r, Il1b, S100a8, S100a9",floralwhite,liver,0.0561797752808989,SIGNED
51,GO:0086015,SA node cell action potential,5.93913140889413e-10,1.35263717837564e-06,6.19203776440597,11,0.454545454545455,0.522232967867094,5,"Hcn1, Kcna5, Tbx18, Ank2, Hcn4",green,liver,0.454545454545455,SIGNED
52,GO:0032589,neuron projection membrane,4.46228223061063e-06,0.0003042768796471,4.58860014645529,62,0.112903225806452,0.319057973542782,7,"Epb41l3, Gabrg3, Gria1, Gria2, Tacr3, Slc12a5, Cntnap2",greenyellow,liver,0.112903225806452,SIGNED
53,GO:0097120,receptor localization to synapse,8.02562851731636e-08,0.0003323339808761,5.36655151576044,69,0.405797101449275,0.494643085220223,28,"Cacng2, Cplx1, Dlg4, Erbb4, Itgb3, Kif5a, Kif5b, Nptx1, Nrxn3, Nptn, Snap25, Dlg2, Nbea, Magi2, Nptx2, Dbn1, Gsk3b, Zdhhc3, Grip1, Neto2, Ogt, Rap1a, Nlgn1, Lrrc7, Neto1, Lhfpl4, Kalrn, Tnik",grey,liver,0.405797101449275,SIGNED
54,GO:0006637,acyl-CoA metabolic process,0.0,0.0,9.3269789975465,74,0.0945945945945946,0.294651822340771,7,"Fasn, Gpam, Csl, Acly, Ces1d, Dlat, Acsl5",grey60,liver,0.0945945945945946,SIGNED
55,GO:1901605,alpha-amino acid metabolic process,0.0,0.0,19.2419494198137,154,0.142857142857143,0.351068796277721,22,"Adssl1, Agxt, Ass1, Fh1, Got1, Hgd, Hpd, Pah, Pipox, Aadat, Aass, Iyd, Agmat, Slc25a12, Cth, Shmt2, Asl, Ppat, Sds, Tat, Sdsl, Acmsd",lightcyan,liver,0.142857142857143,SIGNED
56,GO:0098813,nuclear chromosome segregation,0.0,0.0,35.4953264493648,286,0.153846153846154,0.361433642599439,44,"Birc5, Bub1, Aspm, Ect2, Smc2, Incenp, Kif4, Plk1, Aurkb, Aurka, Tacc3, Top2a, Ttk, Racgap1, Cdca8, Spag5, Ncapg, Psrc1, Cenpk, Spc25, Nuf2, Ndc80, Fbxo5, Cdca5, Ncapd2, Cenps, Spdl1, Fam83d, Esco2, Tpx2, Kif2c, Ncapg2, Knl1, Cenpq, Cdc20, Cenpf, Nusap1, Kif22, Kif15, Kif18a, Cenpe, Prc1, Ccnb1, Kifc1",lightyellow,liver,0.153846153846154,SIGNED
57,GO:0051590,positive regulation of neurotransmitter transport,1.81721473424545e-08,1.04380997660631e-06,5.62855887722264,21,0.238095238095238,0.436435780471985,5,"Htr2c, Syt1, Stx1b, Rab3b, Nlgn1",magenta,liver,0.238095238095238,SIGNED
58,GO:0007606,sensory perception of chemical stimulus,1.91560020814663e-05,0.0018845699671939,4.27450777516957,119,0.0504201680672269,0.219735568963625,6,"Vmn1r49, Tas1r2, Vmn1r41, Vmn1r30, Olfr851, Tas2r144",midnightblue,liver,0.0504201680672269,SIGNED
59,GO:0061077,chaperone-mediated protein folding,0.0,0.0,19.9469171786594,52,0.0961538461538462,0.297678296192606,5,"Fkbp4, Hsph1, Hspa1b, Dnajb2, Chordc1",paleturquoise,liver,0.0961538461538462,SIGNED
60,GO:0060076,excitatory synapse,1.91422406814468e-08,5.70013622429414e-05,5.61957983727251,87,0.160919540229885,0.369586922727183,14,"Fgfr2, Grid2, Grin2a, Elavl2, Ntrk2, Scn8a, Gria3, Lrrc4, Adgrb3, Git1, Elfn1, Plxna4, Nlgn3, Cadps2",pink,liver,0.160919540229885,SIGNED
61,GO:0008236,serine-type peptidase activity,7.744123120545511e-09,5.01057966109159e-07,5.77393519369133,162,0.0925925925925926,0.290759458662882,15,"Acr, Dpp4, Klk1b9, Klk1b21, Klk1b26, Klk1b3, Tpsg1, Prss32, Prss54, Prss55, Tmprss5, Immp2l, Abhd17b, Tmprss11e, Prss33",purple,liver,0.0925925925925926,SIGNED
62,GO:0099560,synaptic membrane adhesion,2.2379875730393897e-12,1.01940333951944e-07,7.01879047326451,35,0.285714285714286,0.458349248514106,10,"Cdh6, Nrxn1, Ptprs, Magi2, Slitrk1, Lrrc4, Igsf9b, Slitrk2, Mdga2, Taok2",red,liver,0.285714285714286,SIGNED
63,GO:0006805,xenobiotic metabolic process,0.0,0.0,14.4784383349297,98,0.0714285714285714,0.258863495453396,7,"Cyp2c40, Fmo3, Sult2a1, Cyp3a44, Sult2a5, Sult2a3, Cyp2c69",saddlebrown,liver,0.0714285714285714,SIGNED
64,GO:0034341,response to type II interferon,0.0,0.0,21.9721411888038,115,0.278260869565217,0.450103810383832,32,"Capg, Casp1, Evl, Gbp2, H2-Aa, H2-Ab1, H2-Eb1, H2-Q7, Irf8, Cd74, Irf1, Acod1, Xcl1, Slc11a1, Sirpa, Ccl2, Ccl5, Sp100, Stat1, Vim, Was, Ccl19, Tlr2, Ubd, Irgm2, Gbp3, Ccl24, Ifitm3, Bst2, Rab7b, Gbp9, Parp14",salmon,liver,0.278260869565217,SIGNED
65,GO:0003735,structural constituent of ribosome,0.0,0.0,16.6882670385957,91,0.0549450549450549,0.229135445758731,5,"Rpl7, Rps3a1, Rps27, Rps27l, Rpl22l1",skyblue,liver,0.0549450549450549,SIGNED
66,GO:0045671,negative regulation of osteoclast differentiation,3.0962294950143103e-09,2.70697223604418e-07,5.92641318756483,32,0.15625,0.368902032628474,5,"Ifng, Nf1, Tnfaip6, Clec2g, Pias3",tan,liver,0.15625,SIGNED
67,GO:0140640,"catalytic activity, acting on a nucleic acid",0.0,0.0,12.0827008830539,469,0.635394456289979,0.481833331172752,298,"Apex1, Blm, Smc3, Dhx15, Ddx3x, Ddx5, Ddx6, Dnase1l3, Dnmt1, Dnmt3a, Ddx19a, Smarcad1, Drosha, Fbl, Emg1, Thumpd3, Hars, Tfb2m, Lig1, Mbd4, Mcm2, Mcm4, Mcm7, Mettl1, Mlh1, Mov10, Mre11a, Msh2, Msh3, Msh6, Myd88, Nme1, Nthl1, Pld3, Pms2, Pola2, Polb, Pole, Polg, Endou, Prim1, Rad17, Rad50, Rad51b, Rbbp4, Rfc1, Upf1, Rev3l, Rfc2, Rnaseh1, Polr1b, Polr1a, Sars, Dntt, Tep1, Terf1, Terf2, Top1, Top2b, Ung, Atrx, Ercc5, Xrcc1, Xrcc5, Farsb, Rnasel, Rngtt, Xrn2, Fto, Poli, Ddx3y, Polr3e, Ddx24, Cars, Nsun2, Ercc4, Fbh1, Tsnax, Ddx20, Smarcal1, Cpsf3, Ftsj3, Tdp2, Ddx21, Rev1, Ptges3, Pus1, Snd1, Poll, Dnase2b, Xrcc2, Isg20, Polr1e, Prorp, Rtca, Dus2, Aptx, Polr2e, Henmt1, Trit1, Mettl6, Pus3, Rpp14, Smarca2, Prpf18, Smc6, Eri1, Mrm3, Ears2, Dhx40, Mettl16, Nob1, Alkbh8, Ddx47, Ddx55, Rnmt, Pold3, Ddx59, Chd1l, Ino80, Toe1, Elac2, Dus1l, Angel1, Vars2, Cdkal1, Alkbh3, Cnot8, Mrpl44, Dtwd1, Dnase1l1, Ddx51, Aarsd1, Ptrhd1, Tut1, Trnt1, Polr3b, Nipbl, Mcm9, Ifih1, Zgrf1, Pnpt1, Mus81, Dhx35, Smug1, Tars2, Cars2, Ints11, Sars2, Ddx28, Ddx54, Trmu, Alkbh4, Cnot2, Aplf, Rfc5, Dhx36, Thumpd2, Nsun4, Mtrex, Pan3, Dis3, Neil1, Dhx30, Ddx41, Lrrc47, Top1mt, Sgip1, Exo5, Nudt16l2, Ttf2, Parn, Cmtr1, Xrcc3, Ddx23, Polr3c, Nsun6, Mau2, Setmar, Bcdin3d, Ep400, Dcp1a, Ercc6l2, Tsen54, Trmt5, Qrsl1, Mettl4, Ago4, Ddx10, Apex2, Polq, Nav2, Ddx52, Helz, Zcchc4, Wrnip1, Polr3h, Ern1, N4bp1, Arid1a, Smarca5, Ddx50, Exd2, Znfx1, Nsun5, Tent2, Usb1, Pan2, Smg6, Rexo2, Cnot6, Fancm, Tdp1, Iars, Nsun3, Rfc4, Dhx57, Lars, Btaf1, Yars, Eprs, Jmjd6, Trmt10a, Rars2, Chd9, Elac1, Helb, Dclre1b, Recql5, Dicer1, Slu7, Pld6, Bptf, Exog, Dis3l2, Gen1, Tyw3, Mettl14, Sepsecs, Mars2, Tarbp1, Dis3l, Tut7, Pstk, Polrmt, Mars1, Dhx33, Mrm1, Ptrh2, Dhx8, Polr3a, Wapl, Marf1, Tfb1m, Aars2, Dus3l, Twnk, Zranb3, Ddx31, Trub2, Helz2, Gatb, Isg20l2, Trmt13, Pars2, Tut4, Zc3h12a, Polr2b, Cnot6l, Alkbh2, Rsf1, Ddx49, Ankle1, Cnot1, Cmtr2, Ddx19b, Aars, Ago2, Chd2, Zc3h12c, Shprh, Alkbh5, Setx, Rtel1, Poln, Lig4, Ddx11, Chd7, Dna2, Trmt61a, Lcmt2, N4bp2, Supv3l1, Gars, Tsen2, Fdxacb1, Gatc, Primpol",turquoise,liver,0.635394456289979,SIGNED
68,GO:0000786,nucleosome,0.0,0.0,12.045260625132,72,0.0694444444444444,0.255992346325338,5,"H2ac11, H2ac12, H2ac15, H2ac20, H2ac13",white,liver,0.0694444444444444,SIGNED
69,GO:0042734,presynaptic membrane,6.23245899333824e-11,4.05555010209367e-07,6.53805369337659,210,0.185714285714286,0.389805146128232,39,"Cacna1c, Cacna1d, Dlg1, Drd4, Efnb3, Fosl1, Lpar1, Grm1, Grm8, Htr1a, Htr2a, Kcna2, Kcna3, Kcna4, Kcnc1, Nrxn1, Scn1a, Nptn, Slc22a2, Syt1, Septin3, Gria3, Gabbr1, Nectin1, Cntnap2, Stx19, Prrt2, Grip1, Glra3, Cntnap4, Nrg1, Kcnq5, Atp1a3, Septin7, Ano2, Cntn5, Apba1, Cadps2, Cdh10",yellow,liver,0.185714285714286,SIGNED
70,GO:0009615,response to virus,0.0,0.0,22.8116386863244,273,0.172161172161172,0.378213801718533,47,"Apobec1, Cd86, Cxcl10, Ifit1, Ifit2, Ifit3, Ifngr1, Il10rb, Irf1, Acod1, Cxcl9, Ptpn22, Ptprc, Trim30a, Ccl5, Stat1, Stat2, Trim26, Oas1g, Oasl2, Rnasel, Ccl19, Irf7, Irgm2, Unc93b1, Gbp3, Samhd1, Adar, Ripk3, Rsad2, Pmaip1, Ifitm3, Pycard, Rtp4, Mlkl, Ifi27l2a, Zc3hav1, Parp9, Znfx1, Tlr7, Dtx3l, Rab7b, Ddx60, Batf3, Wdfy4, Ifit3b, Isg15",black,liver,0.172161172161172,UNSIGNED
71,GO:0090158,endoplasmic reticulum membrane organization,2.69560888055409e-07,0.0005338477587358,5.14357366285086,11,0.636363636363636,0.504524979109513,7,"Atl2, Tmed2, Vapb, Rtn4, Vcpip1, Atl1, Bnip1",blue,liver,0.636363636363636,UNSIGNED
72,GO:0016500,protein-hormone receptor activity,7.85439935313548e-10,5.96279817558868e-06,6.14784244390277,15,0.333333333333333,0.487950036474267,5,"Fshr, Igf1r, Insr, Tshr, Rxfp2",brown,liver,0.333333333333333,UNSIGNED
73,GO:0000786,nucleosome,0.0,0.0,19.4154632159186,72,0.0694444444444444,0.255992346325338,5,"H2ac11, H2ac12, H2ac15, H2ac20, H2ac13",brown4,liver,0.0694444444444444,UNSIGNED
74,GO:0016592,mediator complex,0.0,0.0,9.88682391383172,32,0.15625,0.368902032628474,5,"Ccnc, Med6, Med21, Med13, Bclaf3",cyan,liver,0.15625,UNSIGNED
75,GO:0051988,regulation of attachment of spindle microtubules to kinetochore,0.0,0.0,33.5994691048951,15,0.6,0.50709255283711,9,"Birc5, Ect2, Incenp, Aurkb, Racgap1, Cdca8, Spag5, Cenpe, Ccnb1",darkgreen,liver,0.6,UNSIGNED
76,GO:0003009,skeletal muscle contraction,8.5316200104657e-08,6.79397362721526e-06,5.35550836361496,32,0.15625,0.368902032628474,5,"Atp2a1, Cav3, Myh8, Tcap, Jsrp1",green,liver,0.15625,UNSIGNED
77,GO:0034703,cation channel complex,1.13276479629665e-05,0.0033504828877475,4.39014235504979,154,0.779220779220779,0.416125189288239,120,"Cacna1b, Cacna1c, Cacna1d, Cacna1e, Cacna1g, Cacna1s, Cacna2d1, Cacna2d3, Cacnb1, Cacnb2, Cacnb4, Cacng1, Cacng2, Calm2, Calm3, Cnga1, Cnga2, Dpp6, Fkbp1b, Grik1, Grik2, Grik3, Grik5, Hcn1, Hcn3, Hspa2, Htr3a, Kcna1, Kcna2, Kcna3, Kcna4, Kcna5, Kcna6, Kcnab1, Kcnab3, Kcnb1, Kcnc1, Kcnc3, Kcnd1, Kcnd2, Kcne1, Kcnj2, Kcnk1, Kcnk2, Kcnma1, Kcnmb1, Kcns1, Pde4b, Ryr2, Ryr3, Scn10a, Scn1a, Scn3a, Scn5a, Scn7a, Scn8a, Scn9a, Scnn1g, Snap25, Trpc1, Trpc4, Trpc5, Sumo1, Trpc7, Cngb3, Cacna1f, Kcnip3, Kcnd3, Cacna2d2, Kcne3, Kcne4, Kcnmb4, Pex5l, Kcnq4, Trpv6, Ccdc51, Cntnap2, Micu2, Efcab9, Kcnmb2, Scn2b, C2cd6, Trdn, Lrg1, Micu3, Kcnip4, Kcnb2, Kcnc4, Catsperd, Scn2a, Scn4a, Pkd1l1, Trpv5, Mcu, Kcng3, Kcnq5, Sestd1, Cnga4, Scn3b, Stac3, Kcns3, Pde4d, Cacna1i, Kcng2, Lrrc55, Kcng1, Kcna10, Kcne2, Kcnc2, Dpp10, Catsperb, Cacna2d4, Pkd2l1, Unc80, Catsper4, Hcn4, Cngb1, Scn4b, Catspere1, Kcnmb3",grey,liver,0.779220779220779,UNSIGNED
78,GO:0098800,inner mitochondrial membrane protein complex,0.0,0.0,22.5036258900216,96,0.0520833333333333,0.223361480289671,5,"Atp5b, Ndufv1, Sdhc, Cyc1, Ndufs2",indianred4,liver,0.0520833333333333,UNSIGNED
79,GO:0016126,sterol biosynthetic process,0.0,0.0,47.8588153139085,52,0.25,0.437237316097603,13,"Dhcr7, Hmgcr, Lss, Nsdhl, Sqle, Erg28, Msmo1, Pmvk, Tm7sf2, Fdps, Mvd, Hmgcs1, Sc5d",ivory,liver,0.25,UNSIGNED
80,GO:0005811,lipid droplet,0.0,0.0,9.0711924224103,79,0.0886075949367089,0.285992353211451,7,"Plin2, Cidea, Ces1e, Cidec, Sigmar1, Tmem135, Pnpla5",lightcyan,liver,0.0886075949367089,UNSIGNED
81,GO:0098798,mitochondrial protein-containing complex,0.0,0.0,31.6217554028727,212,0.169811320754717,0.376355637830971,36,"Atp5k, Cox4i1, Cox6a1, Cox8a, Grpel1, Mrpl40, Timm13, Mrpl12, Mrps24, Atp5d, Aurkaip1, Ndufa3, Ndufa9, Mrps16, Mrps21, Ndufc1, Mrps15, Ndufa7, Mrpl11, Romo1, Ndufa13, Mrpl46, Mrpl24, Ndufb4, Ndufb10, Mrpl14, Mrpl53, Mrpl52, Smdt1, Ndufa11, Ndufab1, Ndufs7, Mrpl34, Chchd10, Ndufs8, Atp5g3",magenta,liver,0.169811320754717,UNSIGNED
82,GO:0032589,neuron projection membrane,2.0137669309860897e-11,3.0780900572623e-09,6.70502145646353,62,0.0967741935483871,0.298063554635246,6,"Epb41l3, Gria1, Tacr3, Slc12a5, Cntnap2, Dagla",pink,liver,0.0967741935483871,UNSIGNED
83,GO:0006805,xenobiotic metabolic process,0.0,0.0,16.2892106114035,98,0.0714285714285714,0.258863495453396,7,"Cyp2d9, Fmo3, Sult2a1, Cyp2d34, Sult2a5, Cyp2d11, Sult2a3",plum1,liver,0.0714285714285714,UNSIGNED
84,GO:0030527,structural constituent of chromatin,0.0,0.0,35.8025420245438,33,0.181818181818182,0.39167472590032,6,"H4c3, H4c11, H4c12, H2bc1, H2bc9, H2bc14",plum2,liver,0.181818181818182,UNSIGNED
85,GO:0030315,T-tubule,5.4831006401912e-10,6.15160675272682e-08,6.2046148868826,57,0.105263157894737,0.309620189351624,6,"Dlg1, Scn1a, Slc8a1, Vdr, Ank2, Akap6",red,liver,0.105263157894737,UNSIGNED
86,GO:0098800,inner mitochondrial membrane protein complex,0.0,0.0,28.4956909887083,96,0.114583333333333,0.320190458671962,11,"Atp5j, Cox7a2, Ndufa2, Ndufa4, Ndufs4, Cox7b, Atp5md, Ndufb3, Ndufa5, Atp5mpl, Gm5426",saddlebrown,liver,0.114583333333333,UNSIGNED
87,GO:0140534,endoplasmic reticulum protein-containing complex,0.0,0.0,24.593092611726,101,0.0693069306930693,0.255242071084461,7,"Pdia4, Hspa5, Sdf2l1, Spcs2, Magt1, Derl3, Syvn1",skyblue1,liver,0.0693069306930693,UNSIGNED
88,GO:0001676,long-chain fatty acid metabolic process,0.0,0.0,12.202222897672,97,0.0515463917525773,0.222258015445008,5,"Cyp2c40, Acot3, Acot4, Cyp2c23, Cyp2c69",skyblue3,liver,0.0515463917525773,UNSIGNED
89,GO:0009068,aspartate family amino acid catabolic process,0.0,0.0,28.8592377873257,11,0.454545454545455,0.522232967867094,5,"Got1, Pipox, Aass, Sds, Sdsl",steelblue,liver,0.454545454545455,UNSIGNED
90,GO:0140640,"catalytic activity, acting on a nucleic acid",0.0,0.0,10.1094336036629,469,0.398720682302772,0.490157903236821,187,"Apex1, Smc3, Dhx15, Ddx3x, Ddx5, Dnmt1, Dnmt3a, Ddx19a, Smarcad1, Drosha, Thumpd3, Hars, Tfb2m, Anxa1, Mettl1, Mlh1, Mov10, Msh2, Msh3, Msh6, Myd88, Pld3, Pms2, Pola2, Polg, Prim2, Rad17, Rad50, Rfc1, Upf1, Rnaseh1, Polr1b, Polr1a, Sars, Dntt, Terf2, Top2b, Ung, Ercc5, Xrcc1, Xrcc5, Farsb, Xrn2, Fto, Ddx24, Cars, Nsun2, Ercc4, Fbh1, Ddx56, Tsnax, Ddx20, Smarcal1, Cpsf3, Ftsj3, Ddx21, Rev1, Ptges3, Pus1, Snd1, Poll, Xrcc2, Polr1e, Prorp, Dus2, Prpf18, Smc6, Eri1, Ears2, Ddx47, Ddx55, Rnmt, Pold3, Ddx59, Chd1l, Ino80, Toe1, Elac2, Vars2, Cdkal1, Alkbh3, Mrpl44, Dnase1l1, Ddx51, Aarsd1, Ptrhd1, Tut1, Trnt1, Polr3b, Chd6, Mcm9, Ifih1, Mus81, Dhx35, Tars2, Cars2, Ints11, Tdrd12, Ddx28, Ddx54, Aplf, Dhx36, Thumpd2, Mtrex, Dis3, Dhx30, Ddx41, Lrrc47, Top1mt, Ttf2, Parn, Cmtr1, Xrcc3, Polr3c, Mau2, Bcdin3d, Dcp1a, Ercc6l2, Tsen54, Mettl4, Ago4, Ddx10, Apex2, Nav2, Ddx52, Helz, Zcchc4, Wrnip1, Polr3h, N4bp1, Mov10l1, Arid1a, Smarca5, Ddx50, Usb1, Pan2, Cnot6, Iars, Nsun3, Dhx57, Lars, Btaf1, Yars, Eprs, Rars2, Chd9, Helb, Recql5, Dicer1, Dis3l2, Mettl14, Lactb2, Dis3l, Tut7, Polrmt, Mars1, Dhx33, Ptrh2, Dhx8, Polr3a, Wapl, Tfb1m, Aars2, Dus3l, Twnk, Trub2, Pars2, Tut4, Zc3h12a, Polr2b, Cnot6l, Rsf1, Cnot1, Cmtr2, Ddx19b, Aars, Zc3h12d, Ago2, Chd2, Shprh, Eme1, Setx, Ddx11, Chd7, Trmt61a, Supv3l1, Tsen2",turquoise,liver,0.398720682302772,UNSIGNED
91,GO:0060977,coronary vasculature morphogenesis,3.12345370678813e-07,1.88941987176891e-05,5.11584143931474,29,0.172413793103448,0.384425872219245,5,"Fgfr2, Nrp1, Tgfbr3, Zfpm2, Setd2",yellow,liver,0.172413793103448,UNSIGNED
92,GO:0042611,MHC protein complex,0.0,0.0,44.7566622211355,28,0.392857142857143,0.497347461393438,11,"H2-Aa, H2-Ab1, H2-D1, H2-Eb1, H2-K1, H2-DMa, H2-DMb1, H2-Q1, H2-Q4, H2-T22, Cd74",yellowgreen,liver,0.392857142857143,UNSIGNED
93,GO:0099634,postsynaptic specialization membrane,7.08138833571681e-07,0.0003502109732796,4.95911817292991,135,0.140740740740741,0.349049091252111,19,"Cacng2, Cdh2, Glra1, Htr5a, P2rx6, Tiam1, Vdac1, Dlg2, Gria3, Kcnd3, Lrrtm1, Grik4, Nlgn1, Adgrb3, Lrrtm3, Dgkb, Lrfn5, Il1rapl1, Chrna10",black,adipose,0.140740740740741,SIGNED
94,GO:0150011,regulation of neuron projection arborization,1.02335331542136e-07,0.0003585672578264,5.32252745744742,13,0.538461538461538,0.518874521662771,7,"Dlg4, Dvl3, Map3k13, Grip1, Ntng1, Ntng2, Myo9a",blue,adipose,0.538461538461538,SIGNED
95,GO:0140098,"catalytic activity, acting on RNA",6.66133814775094e-16,3.22791438968144e-13,8.08583495611915,298,0.218120805369128,0.413664528645232,65,"Ddx19a, Mov10, Upf1, Polr1b, Polr1a, Sars, Fto, Ddx24, Ddx21, Pus1, Snd1, Piwil2, Dus2, Henmt1, Mettl6, Alkbh8, Rpp21, Ddx47, Ddx55, Toe1, Angel1, Vars2, Ddx51, Tut1, Polr3b, Ifih1, Dhx35, Tars2, Ints11, Sars2, Ddx54, Pan3, Dis3, Cmtr1, Dcp1a, Tsen54, Mettl4, Polr3h, Ern1, N4bp1, Exd2, Nsun5, Pan2, Dhx57, Dicer1, Exog, Dis3l2, Dis3l, Tut7, Polrmt, Mars1, Mrm1, Dhx8, Aars2, Dus3l, Isg20l2, Pars2, Zc3h12a, Cmtr2, Ddx19b, Aars, Alkbh5, Nynrin, Dtd2, Endov",brown,adipose,0.218120805369128,SIGNED
96,GO:0042613,MHC class II protein complex,0.0,0.0,55.2196044992462,11,0.545454545454545,0.522232967867094,6,"H2-Aa, H2-Ab1, H2-Eb1, H2-DMa, H2-DMb1, Cd74",brown4,adipose,0.545454545454545,SIGNED
97,GO:0090148,membrane fission,1.25055521493778e-12,1.7800871887629902e-09,7.09967453794135,25,0.24,0.435889894354067,6,"Vps4b, Slc25a46, Chmp2b, Dnm1l, Chmp5, Exoc5",cyan,adipose,0.24,SIGNED
98,GO:0035456,response to interferon-beta,0.0,0.0,21.2875377345538,40,0.35,0.483045891539648,14,"Gbp2, Ifit1, Ifit3, Irf1, Stat1, Oas1g, Irgm2, Gbp3, Iigp1, Ifitm3, Bst2, Gbp7, F830016B08Rik, Gm11772",darkgreen,adipose,0.35,SIGNED
99,GO:0001669,acrosomal vesicle,0.0,0.0,14.2723875235416,130,0.123076923076923,0.329796381047002,16,"Actl7a, Dnajb3, Tcp11, Tssk2, Zp3r, Zpbp, Tex101, Atp8b3, Zpbp2, Cabs1, Hyal5, Spaca3, Tex22, Fam170b, Catsper4, Spag6",darkgrey,adipose,0.123076923076923,SIGNED
100,GO:0030198,extracellular matrix organization,0.0,0.0,9.76827385101602,272,0.0735294117647059,0.261484632729911,20,"Col14a1, Dpp4, B4galt1, Myh11, Tnfrsf11b, Pdgfra, Sfrp2, Wt1, Mmp17, Dpt, Antxr1, Prdm5, Vit, Adamtsl1, Adamts6, Phldb2, Scara3, Adamts19, Sulf1, Adamts3",darkred,adipose,0.0735294117647059,SIGNED
101,GO:0043484,regulation of RNA splicing,1.69642078162724e-13,3.21966527513003e-11,7.37069517188841,145,0.0689655172413793,0.254273813857804,10,"Rbm4, Tada1, Ccnl1, Rbm22, Slc38a2, Cdk12, Rbm12b1, Rbm12b2, Rbm5, Srsf7",darkturquoise,adipose,0.0689655172413793,SIGNED
102,GO:0006397,mRNA processing,0.0,0.0,8.9963411749419,369,0.170731707317073,0.376785252090632,63,"App, Dyrk1a, Celf2, Zbtb7a, Papola, Rbm6, Snrnp70, Son, Supt6, Ik, Rngtt, Srrm1, Akap8l, Zfp326, Alyref2, Prpf40a, Ptbp2, Syncrip, Srsf4, Isy1, Cwc15, Snw1, Zmat2, Sltm, Cir1, Paxbp1, Luc7l3, Wdr83, Puf60, Fam172a, Cdk12, Rprd1b, Malat1, Pan3, Hnrnpll, Rbm26, Ddx23, Srrm2, Rbmxl2, Rbm5, Rbfox2, Tent2, Tra2a, Sf3b3, Mbnl2, Celf4, Cstf2, Rbm39, Luc7l2, Mettl14, Bud13, Nrde2, Srek1, Scaf4, Usp49, Safb, Thoc1, Thrap3, Tardbp, Rbm47, Cpsf7, Setx, Prpf39",green,adipose,0.170731707317073,SIGNED
103,GO:0009301,snRNA transcription,3.03639557941437e-10,4.61026062141083e-07,6.29690891217114,16,0.3125,0.478713553878169,5,"Snapc1, Ice2, Snapc2, Ice1, Snapc4",greenyellow,adipose,0.3125,SIGNED
104,GO:0045211,postsynaptic membrane,8.489875469308569e-12,3.5336587528674203e-09,6.83002621286509,308,0.438311688311688,0.496987413173781,135,"Ache, Chrna7, Chrng, Ank3, Cacna1e, Cacna2d1, Cacng2, Ctnna2, Ctnnb1, Cbln1, Cdh2, Cdh9, Chrm3, Clcn3, Col13a1, Slc6a3, Dcc, Dlg1, Epha7, Erbb4, Gabra2, Gabra6, Gabrb1, Gabrb2, Gabrb3, Gabrd, Gabrg1, Gabrg2, Gabrg3, Glra1, Glra4, Glrb, Lpar1, Gria1, Gria2, Grid1, Grid2, Grik2, Grin1, Grin2c, Grm1, Hcn1, Htr2a, Itgb3, Kcna3, Kcna4, Kcnc1, Kcnc3, Kcnd2, Kcnj2, Kcnma1, Met, Ncam1, Nrp1, Ntrk2, Ntrk3, Oprk1, Pcdh8, Ptprs, Ptprt, Ptprz1, Scn8a, Nptn, Slc16a7, Slc1a6, Slc8a1, Snap91, Slc6a6, Tiam1, Dlg2, Tenm2, Rgs7, Nbea, Cspg5, Gria3, Cacng3, Gabbr1, Kcnd3, Nectin3, Syne1, Nrgn, Sorcs3, Atp6ap2, Faim2, Grip1, Lrrtm1, Slitrk1, Adgrl2, Lrrtm2, Grm3, Grm5, Grm6, Grm7, Ank2, Glra3, Chrna3, Gabra5, Slc8a2, Slc8a3, Nlgn1, Lrrc4, Itgb4, Shank2, Adgrb3, Nrg1, Lrrtm3, Gabrp, Dgkb, Dlgap1, Fbxo2, Slc6a1, Lrfn3, Gpr156, Lrrc4c, Slc1a7, Kctd8, Lrrtm4, Slc6a11, Chrm2, Slitrk2, Zc4h2, Cnksr2, Neto1, Kcnc2, Gphn, Fbxo45, Gsg1l, Shc4, Dgki, Cadps2, Cdh10, Il1rapl1, Kctd16, Slitrk3, Shisa8",grey,adipose,0.438311688311688,SIGNED
105,GO:0007283,spermatogenesis,0.0,0.0,14.6288647026072,471,0.106157112526539,0.308366127971532,50,"Nr0b1, Bmp8a, Bmp8b, Ddx4, Adam18, Adam24, Gk2, Prm1, Prm2, Prm3, Adad1, Tnp1, Zfy2, Ddx25, Prok2, Dmrt1, Crtap, Piwil1, Klhl10, Armc12, Eqtn, Galntl5, Cntd1, H2al2a, Odf3, Spink2, H1f7, Slc22a16, Shcbp1l, Prss44, Nme8, C2cd6, Taf7l, Syce3, Spata9, Stk31, Fkbp6, Mael, Meig1, D1Pas1, Slc9c1, Mroh2b, Rimbp3, Serpina5, Chd5, Catsperb, Ccdc63, Ccin, Gm5935, Zfp541",grey60,adipose,0.106157112526539,SIGNED
106,GO:0098839,postsynaptic density membrane,0.0001972358543413,0.0143745490644007,3.72253078167552,99,0.0505050505050505,0.220099113746947,5,"Dcc, Grik1, Ptprt, Scn8a, Slc16a7",lightcyan,adipose,0.0505050505050505,SIGNED
107,GO:1904861,excitatory synapse assembly,3.3306690738754704e-15,4.74099925984461e-13,7.87491325556775,34,0.147058823529412,0.359490627953571,5,"Il1rap, Nrxn1, Nrxn3, Lrrtm1, Nlgn1",lightgreen,adipose,0.147058823529412,SIGNED
108,GO:0000786,nucleosome,0.0,0.0,27.6319866230946,72,0.0694444444444444,0.255992346325338,5,"H2ac11, H2ac12, H2ac15, H2ac20, H2ac13",lightpink4,adipose,0.0694444444444444,SIGNED
109,GO:0007059,chromosome segregation,0.0,0.0,29.6286956247193,359,0.197771587743733,0.398874874564949,71,"Birc5, Brca1, Brca2, Bub1, Aspm, Cdc42, Cit, Ect2, Smc2, Incenp, Kif4, Mki67, Mre11a, Plk1, Stil, Aurkb, Aurka, Tacc3, Top2a, Ttk, Tubb5, Cdc6, Cenph, Racgap1, Cdca8, Rab11a, Spag5, Ncapg, Psrc1, Cenpk, Ska1, Actr2, Nuf2, Ndc80, Fbxo5, Cdca5, Zwilch, Ciao2a, Ncapd2, Sgo2a, Trip13, Smc4, Kif18b, Spdl1, Syce2, Esco2, Dscc1, Tpx2, Cenpn, Kif2c, Ncapg2, Knl1, Cenpq, Espl1, Cdc20, Cenpf, Nusap1, Cdca2, Kif22, Rad51c, Kntc1, Gen1, Kif15, Ncaph, Ska3, Kif18a, Cenpe, Prc1, Ccnb1, Nsl1, Kifc1",lightyellow,adipose,0.197771587743733,SIGNED
110,GO:0098798,mitochondrial protein-containing complex,0.0,0.0,12.2997729568386,212,0.231132075471698,0.422554454282033,49,"Atp5b, Cox4i1, Cox6a2, Cox8a, Timm10b, Idh3g, Grpel1, Ndufa4, Ndufs4, Mrpl40, Mrps12, Pdhx, Timm13, Timm10, Mrps7, Mrpl48, Mrpl12, Mrpl38, Mrps22, Mrps25, Sdhc, Aurkaip1, Mrps17, Cyc1, Mrpl20, Ndufb3, Dmac1, Romo1, Ndufa6, Mrpl42, Pdhb, Ndufa8, Mrpl14, Mrpl53, Mrpl52, Mrpl44, Mrps9, Ndufa11, Atp5mpl, Ndufab1, Cox4i2, Immp2l, Mrpl43, Mrps26, Chchd10, Mrpl22, Ndufs8, Atp5g3, Gm5426",magenta,adipose,0.231132075471698,SIGNED
111,GO:0042393,histone binding,8.74855743404623e-14,5.6928113017258e-11,7.45851687464278,199,0.105527638190955,0.308006949268891,21,"Cbx1, Mtf2, Rbbp4, Atrx, Taf7, Suz12, Kmt2e, Mphosph8, Tbl1xr1, Phip, Sirt1, Smarca5, Spty2d1, Mbtd1, Tdrd3, Kmt2c, Rsf1, Ipo7, Sbno1, Taf1, Atad2b",midnightblue,adipose,0.105527638190955,SIGNED
112,GO:0000502,proteasome complex,0.0,0.0,12.1674080265949,49,0.163265306122449,0.373437789079955,8,"Psma2, Psmb7, Psmc2, Psma4, Psma5, Psmd14, Psmd6, Psmd5",orange,adipose,0.163265306122449,SIGNED
113,GO:0009954,proximal/distal pattern formation,0.0,0.0,19.2185000322663,33,0.181818181818182,0.39167472590032,6,"Hoxa11, Hoxa9, Hoxd10, Hoxd9, Hoxc11, Hoxc10",orangered4,adipose,0.181818181818182,SIGNED
114,GO:0019730,antimicrobial humoral response,0.0,0.0,20.7271375442979,104,0.0576923076923077,0.234289799674497,6,"Camp, Acod1, Ltf, S100a9, Cxcl5, Cxcl3",palevioletred3,adipose,0.0576923076923077,SIGNED
115,GO:0044282,small molecule catabolic process,0.0,0.0,22.7468219846788,287,0.303135888501742,0.460416266885095,87,"Agxt, Aldh1a1, Apoe, Arg1, Cbs, Cyp26a1, Cyp7a1, Fabp1, Ftcd, Galk1, Hagh, Glud1, Got1, Got2, Hsd17b10, Hao1, Hgd, Hmgcl, Hpd, Phyh, Nqo2, Otc, Pah, Pon1, Pipox, Abcd3, Sord, Sult2a1, Sult1e1, Uox, Bpnt1, Slc27a2, Gcat, Hsd17b6, Abcb11, Aass, Echdc2, Acaa2, Ldhd, Cyp39a1, Hao2, Sult1b1, Hacl1, Cyp4f14, Qprt, Hoga1, Dcxr, Ddo, Kynu, Amdhd1, Cda, Crot, Ehhadh, Mfsd2a, Upp2, Sult2a8, Urah, Acox2, Dpyd, Hsd3b7, Acad11, Upb1, Cyp27a1, Gldc, Cyp4f15, Abhd3, Shmt2, Glo1, Acat1, Acot4, Akr1d1, Ido2, Aldh4a1, Aldh5a1, Tkfc, Aldob, Sds, Urad, Tat, Acaa1b, Acmsd, Agxt2, Abat, Gcdh, Acsl5, Sult2a5, Sult2a3",pink,adipose,0.303135888501742,SIGNED
116,GO:0031514,motile cilium,0.0,0.0,16.3338694099867,196,0.280612244897959,0.450448930089221,55,"Atp1a1, Atp1b1, Cd24a, Ift81, Gstm5, Kif9, Mak, Mns1, Odf1, Rpgr, Scnn1a, Spa17, Tcte1, Ift88, Rsph1, Spag6l, Ccdc39, Bbs2, Efcab2, Ak8, Pacrg, Iqcg, Tekt5, Tekt3, Cabyr, Enkur, Fsip1, Cfap52, Cfap45, Cabcoco1, Ccdc103, Ttc29, Cfap53, Drc3, Ttll9, Ccdc181, Iqca, Nme5, Cfap161, Dnali1, Rsph9, Ak7, Ttll3, Ccdc65, Dnah5, Cfap44, Wdr19, Iqub, Adgb, Eno4, Cfap221, Crocc, Dnah9, Dnah2, Drc1",purple,adipose,0.280612244897959,SIGNED
117,GO:0000323,lytic vacuole,0.0,0.0,11.1851254703347,438,0.189497716894977,0.392351618960536,83,"Acp2, Ada, Adam8, Ap1b1, Ap1s1, Arsb, Asah1, Calr, Cd63, Cd68, Tpp1, Cln3, Ctsb, Ctsd, Ctsk, Ctss, Akr1b8, Il4i1, Fnbp1, Ggh, Grn, Hexa, Hexb, Hpse, Idua, Napsa, Lamp1, Laptm5, Ldlr, Lipa, Man2b1, Myo5a, Myo7a, Neu1, Slc11a1, Prkcd, Pld3, Ctsa, Lgmn, Abcd4, Stxbp2, Tnfaip3, Tmem165, Stx7, Unc93b1, Snx1, Lamtor3, Glmp, Litaf, Ctsz, Slc15a3, Fuca2, Mcoln2, Plekhm2, Ccdc115, Unc13d, Atp6ap2, Slc29a3, Slc46a3, Vps11, Trim29, Mfsd12, Atp13a2, Slc35f6, Tm4sf5, Gns, Atg16l1, Dpp7, Mcoln1, Slc15a4, Gusb, Tlr7, Pik3c3, Rab7b, Slc2a6, Syt11, Siglecf, Vps33b, Slc17a5, Ap1s3, Gga3, Slc38a9, Rab39",red,adipose,0.189497716894977,SIGNED
118,GO:0001570,vasculogenesis,0.0,0.0,8.81145848290292,81,0.123456790123457,0.331010424661472,10,"Zfp36l1, Hey1, Kdr, Nrp1, Sox17, Sox18, Tgfbr3, Rasip1, Rapgef2, Smo",royalblue,adipose,0.123456790123457,SIGNED
119,GO:0022625,cytosolic large ribosomal subunit,0.0,0.0,22.125023467681,27,0.185185185185185,0.39584739066357,5,"Rplp0, Rpl8, Rpl3, Rpl34, Rpl31",saddlebrown,adipose,0.185185185185185,SIGNED
120,GO:0030280,structural constituent of skin epidermis,2.2204460492503102e-14,5.05706587716759e-10,7.63776416881939,23,0.260869565217391,0.44897775854488,6,"Flg, Lor, Krt72, Krt75, Krt82, Krt87",salmon,adipose,0.260869565217391,SIGNED
121,GO:0019814,immunoglobulin complex,0.0,0.0,43.0769424073583,14,0.642857142857143,0.497245158098847,9,"Ighg2b, Ighg1, Igkc, Iglc1, Igha, Igkv2-112, Ighg2c, Igkv12-41, Igkv3-12",skyblue3,adipose,0.642857142857143,SIGNED
122,GO:0098798,mitochondrial protein-containing complex,7.42139683040932e-12,7.42629765404906e-09,6.84929721469499,212,0.0943396226415094,0.292992466680648,20,"Atp5j, Mrps33, Timm9, Mrps31, Cox7b, Dnajc15, Uqcrfs1, Etfdh, Sdhd, Ndufa10, Ndufb2, Mrpl58, Pnpt1, Mrpl27, Ppif, Mrps6, Idh3b, Foxred1, Dlat, Mrpl21",tan,adipose,0.0943396226415094,SIGNED
123,GO:0019871,sodium channel inhibitor activity,1.00673260572393e-06,0.0114641675476812,4.89031789025208,6,0.833333333333333,0.408248290463863,5,"Commd1, Nedd4, Scn1b, Camk2d, Scn3b",turquoise,adipose,0.833333333333333,SIGNED
124,GO:0001678,intracellular glucose homeostasis,6.66133814775094e-16,1.35457121709846e-13,8.07293747381663,150,0.06,0.238282444779159,9,"Hk2, Kcnb1, Prkce, C1qtnf12, Raf1, Nadk, Pim3, Adcy5, Fcor",white,adipose,0.06,SIGNED
125,GO:0030705,cytoskeleton-dependent intracellular transport,7.53175299905706e-13,9.02819339755393e-10,7.16941938184197,179,0.223463687150838,0.417735014349162,40,"Flot2, Hspb1, Kif13a, Kif1b, Kif1c, Mecp2, Map1a, Mapt, Bloc1s5, Myo1b, Myo1c, Myo5b, Sod1, Stk11, Terf2, Dlg2, Spast, Bbs1, Cilk1, Actn4, Ap3m2, Trak2, Arhgap21, Ift57, Wdr35, Ift43, Clip3, Cluap1, Sun1, Tmem108, Wasf1, Prickle1, Myo1h, Klc3, Spg7, Ift52, Neto1, Syne2, Sybu, Myo1d",yellow,adipose,0.223463687150838,SIGNED
126,GO:0031514,motile cilium,0.0,0.0,12.5638191991117,196,0.137755102040816,0.345525332069938,27,"Atp1b1, Cd24a, Mns1, Scnn1a, Tcte1, Spag6l, Ccdc39, Fsip1, Cfap52, Cabcoco1, Ttc29, Cfap53, Drc3, Ttll9, Ccdc181, Iqca, Nme5, Dnali1, Rsph9, Ak7, Ccdc65, Cfap44, Iqub, Eno4, Dnah9, Dnah2, Drc1",black,adipose,0.137755102040816,UNSIGNED
127,GO:0006354,DNA-templated transcription elongation,0.0,0.0,10.0071788839383,92,0.315217391304348,0.467148182859747,29,"Axin1, Ccnt1, Ldb1, Med1, Supt5, Supt6, Med22, Ubtf, Med24, Nelfa, Eloa, Sirt6, Paf1, Med18, Ncbp2, Cdk12, Cdk13, Med26, Setd5, Eaf1, Med25, Gtf2f1, Thoc5, Cdk9, Recql5, Med16, Kat7, Pcid2, Ncbp1",blue,adipose,0.315217391304348,UNSIGNED
128,GO:0048499,synaptic vesicle membrane organization,3.4551725924814e-08,2.02291917207619e-06,5.51665271207199,32,0.1875,0.396557769456266,6,"Cplx2, Syt1, Tor1a, Stx1b, Snap47, Cplx3",brown,adipose,0.1875,UNSIGNED
129,GO:0042824,MHC class I peptide loading complex,0.0,0.0,69.5197716295926,11,0.545454545454545,0.522232967867094,6,"B2m, H2-D1, H2-K1, H2-Q1, H2-Q4, H2-Q7",brown4,adipose,0.545454545454545,UNSIGNED
130,GO:0035458,cellular response to interferon-beta,0.0,0.0,25.1403983843427,30,0.4,0.49827287912244,12,"Gbp2, Ifit1, Ifit3, Irf1, Stat1, Oas1g, Irgm2, Gbp3, Iigp1, Gbp7, Gm4951, F830016B08Rik",cyan,adipose,0.4,UNSIGNED
131,GO:0032755,positive regulation of interleukin-6 production,0.0,0.0,8.53125745052724,86,0.0581395348837209,0.235379601434674,5,"Aif1, Ccr5, Pou2f2, Tlr1, Tlr2",darkgrey,adipose,0.0581395348837209,UNSIGNED
132,GO:0015986,proton motive force-driven ATP synthesis,0.0,0.0,31.6303795229869,43,0.162790697674419,0.373543683818814,7,"Atp5k, Ndufa2, Sdhc, Ndufa3, Ndufa13, Ndufb10, Gm5426",darkolivegreen,adipose,0.162790697674419,UNSIGNED
133,GO:0019814,immunoglobulin complex,0.0,0.0,44.7450535141573,14,0.642857142857143,0.497245158098847,9,"Ighg2b, Ighg1, Igkc, Iglc1, Igha, Igkv2-112, Ighg2c, Igkv12-41, Igkv3-12",darkorange,adipose,0.642857142857143,UNSIGNED
134,GO:0000786,nucleosome,0.0,0.0,29.5631323080304,72,0.0694444444444444,0.255992346325338,5,"H2ac11, H2ac12, H2ac15, H2ac20, H2ac13",darkseagreen4,adipose,0.0694444444444444,UNSIGNED
135,GO:0022626,cytosolic ribosome,0.0,0.0,29.1674485806146,47,0.106382978723404,0.311660528333906,5,"Rpl8, Rpl3, Rps26, Rps27, Rpl34",darkturquoise,adipose,0.106382978723404,UNSIGNED
136,GO:0006805,xenobiotic metabolic process,0.0,0.0,25.1582129385796,98,0.448979591836735,0.49994739887419,44,"Abcc2, Cryz, Cyp1a2, Cyp26a1, Cyp2a12, Cyp2a4, Cyp2b10, Cyp2b9, Cyp2c29, Cyp2c38, Cyp2c40, Cyp2d10, Cyp2d9, Cyp2e1, Cyp2f2, Cyp2j5, Cyp3a11, Cyp3a13, Fmo5, Gsta1, Gsta2, Gsta3, Gstm6, Hnf4a, Nr1i2, Sult2a1, Abcb11, Sult1b1, Cyp2d22, Ugt2b1, Cyp2c55, Cyp2d26, Sult2a8, Cyp2c50, Cyp2c70, Cyp2c23, Acaa1b, Cyp2c54, Sult2a5, Cyp2d11, Akr1c12, Sult2a3, Cyp3a41b, Cyp2c69",green,adipose,0.448979591836735,UNSIGNED
137,GO:0007059,chromosome segregation,0.0,0.0,35.3366637245631,359,0.18941504178273,0.392384834041026,68,"Birc5, Brca1, Bub1, Aspm, Cit, Ect2, Smc2, Incenp, Kif4, Mki67, Mre11a, Plk1, Stil, Aurkb, Aurka, Tacc3, Top2a, Ttk, Tubb5, Cdc6, Cenph, Racgap1, Cdca8, Spag5, Ncapg, Actl6a, Psrc1, Cenpk, Ska1, Nuf2, Ndc80, Fbxo5, Cdt1, Nde1, Cdca5, Zwilch, Ncapd2, Sgo2a, Trip13, Smc4, Kif18b, Spdl1, Syce2, Esco2, Dscc1, Cenpn, Sass6, Kif2c, Ncapg2, Knl1, Cenpq, Espl1, Cdc20, Cenpf, Nusap1, Cdca2, Kif22, Rad51c, Kntc1, Gen1, Kif15, Ncaph, Kif18a, Cenpe, Prc1, Ccnb1, Nsl1, Kifc1",greenyellow,adipose,0.18941504178273,UNSIGNED
138,GO:0016503,pheromone receptor activity,1.16165555263947e-05,0.0018436728370288,4.38466284581924,81,0.938271604938272,0.242161052418926,76,"Vmn1r51, Vmn1r49, Vmn1r43, Vmn1r42, Vmn1r54, Vmn1r50, Vmn1r44, Vmn1r40, Vmn1r46, Vmn1r41, Vmn1r36, Vmn1r35, Vmn1r38, Vmn1r33, Vmn1r32, Vmn1r17, Vmn1r26, Vmn1r24, Vmn1r5, Vmn1r6, Vmn1r4, Vmn1r30, Vmn1r22, Vmn1r23, Vmn1r28, Vmn1r18, Vmn1r21, Vmn1r16, Vmn1r9, Vmn1r8, Vmn1r27, Vmn1r229, Vmn1r226, Vmn1r228, Vmn1r232, Vmn1r225, Vmn1r231, Vmn1r230, Vmn1r234, Vmn1r235, Vmn1r237, Vmn1r236, Vmn1r233, Vmn1r73, Vmn1r80, Vmn1r76, Vmn1r74, Vmn1r75, Vmn1r83, Vmn1r81, Vmn1r200, Vmn1r214, Vmn1r206, Vmn1r215, Vmn1r198, Vmn1r201, Vmn1r218, Vmn1r195, Vmn1r202, Vmn1r193, Vmn1r89, Vmn1r87, Vmn1r70, Vmn1r66, V1rg10, Vmn1r84, Vmn1r82, Vmn1r210, Vmn1r219, Vmn1r217, Vmn1r222, Vmn1r197, Vmn1r216, Vmn1r189, Vmn1r188, Vmn1r7",grey,adipose,0.938271604938272,UNSIGNED
139,GO:0001673,male germ cell nucleus,0.0,0.0,8.7687253476647,67,0.0746268656716418,0.264771647515186,5,"Adad1, H1f7, Gtf2a1l, Mael, Spata33",grey60,adipose,0.0746268656716418,UNSIGNED
140,GO:0006084,acetyl-CoA metabolic process,0.0,0.0,14.8757657720682,31,0.32258064516129,0.475190963311491,10,"Fasn, Pdhx, Nudt7, Pdhb, Pmvk, Mpc2, Acly, Ppcs, Mvd, Pdk3",magenta,adipose,0.32258064516129,UNSIGNED
141,GO:0030593,neutrophil chemotaxis,0.0,0.0,23.3072681912593,89,0.0674157303370786,0.252161240307429,6,"Cxcr2, Il1b, S100a9, Cxcl2, Cxcl5, Cxcl3",maroon,adipose,0.0674157303370786,UNSIGNED
142,GO:0030101,natural killer cell activation,0.0,0.0,10.3180225294463,83,0.0843373493975904,0.279582409732646,7,"Itgb2, Prdx1, Ptpn22, Ptprc, Tyrobp, Slamf7, Ticam2",midnightblue,adipose,0.0843373493975904,UNSIGNED
143,GO:0010596,negative regulation of endothelial cell migration,0.0,0.0,11.4468172379936,48,0.104166666666667,0.308709278188584,5,"Meox2, Robo4, Adamts9, Mmrn2, Vash1",orange,adipose,0.104166666666667,UNSIGNED
144,GO:0016010,dystrophin-associated glycoprotein complex,4.44089209850063e-16,2.14871039416134e-12,8.10494095134947,20,0.25,0.444261658319319,5,"Dtna, Sspn, Sgce, Snta1, Sgcd",pink,adipose,0.25,UNSIGNED
145,GO:0042613,MHC class II protein complex,0.0,0.0,51.3051080141231,11,0.545454545454545,0.522232967867094,6,"H2-Aa, H2-Ab1, H2-Eb1, H2-DMa, H2-DMb1, Cd74",plum1,adipose,0.545454545454545,UNSIGNED
146,GO:0098839,postsynaptic density membrane,5.08087260708834e-06,0.0006011266162412,4.56142044771653,99,0.0505050505050505,0.220099113746947,5,"Grik3, Grin2d, Clstn1, Gsg1l, Lrrc4b",purple,adipose,0.0505050505050505,UNSIGNED
147,GO:0034162,toll-like receptor 9 signaling pathway,0.0,0.0,11.2862889249681,14,0.5,0.518874521662771,7,"Ptprs, Unc93b1, Pik3ap1, Slc15a4, Havcr2, Rab7b, Tnip2",red,adipose,0.5,UNSIGNED
148,GO:1903311,regulation of mRNA metabolic process,3.774758283725531e-15,8.266357683831629e-13,7.85862612895334,251,0.0557768924302789,0.229948894374173,14,"Dyrk1a, Zbtb7a, Mapkapk2, Snrnp70, Srrm1, Syncrip, Malat1, Rbfox2, Mbnl2, Larp4b, Safb, Cpsf7, Rc3h2, Rc3h1",salmon,adipose,0.0557768924302789,UNSIGNED
149,GO:0140104,molecular carrier activity,2.32591745863431e-08,3.00129009180716e-06,5.5858262107983,69,0.072463768115942,0.261153582247854,5,"Asf1a, Emc2, Ipo11, Xpo1, Cse1l",tan,adipose,0.072463768115942,UNSIGNED
150,GO:0035871,protein K11-linked deubiquitination,3.3368510177211903e-09,2.37489943526875e-06,5.9141049347711,9,0.666666666666667,0.5,6,"Otub2, Vcpip1, Otud3, Usp30, Otud7a, Otud7b",turquoise,adipose,0.666666666666667,UNSIGNED
151,GO:0009954,proximal/distal pattern formation,0.0,0.0,25.2086301000875,33,0.181818181818182,0.39167472590032,6,"Hoxa11, Hoxa9, Hoxd10, Hoxd9, Hoxc11, Hoxc10",white,adipose,0.181818181818182,UNSIGNED
152,GO:0007030,Golgi organization,3.0864200084579397e-13,2.60345243306035e-10,7.29057447266952,119,0.134453781512605,0.342581667806284,16,"Cdc42, Prkd1, Rab33b, Vti1a, Arhgef7, Stx5a, Rab2a, Syne1, Armh3, Vmp1, Clasp2, Gbf1, Atl3, Bcas3, Sec16a, Vps13b",yellow,adipose,0.134453781512605,UNSIGNED
153,GO:0004672,protein kinase activity,1.99840144432528e-15,3.03423952630055e-12,7.93577588181943,478,0.140167364016736,0.347524297782201,67,"Acvr1, Ccnd1, Cdk11b, Cdc7, Cdk2, Chka, Clk2, Dapk3, Eif2ak3, Epha2, Erbb2, Erbb3, Fgfr2, Irak1, Ilk, Insr, Jak3, Mknk2, Nrp1, Pak1, Pck1, Pikfyve, Prkcd, Prkci, Ros1, Srms, Stk11, Stk16, Trim24, Ulk1, Map2k5, Nek4, Mapk14, Mapk12, Mapk6, Tnk2, Ikbke, Brd4, Stk25, Fastk, Phkg2, Cdk3, Wnk4, Pak4, Map3k13, Strada, Fam20c, Stk38, Prkab2, Braf, Raf1, Fgfrl1, Scyl2, Dstyk, Cdc42bpb, Stk24, Pak2, Pik3c3, Tesk2, Smg1, Dclk3, Pkn3, Adck5, Pask, Aak1, Map4k5, Kalrn",black,kidney,0.140167364016736,SIGNED
154,GO:0098800,inner mitochondrial membrane protein complex,0.0,0.0,10.2333546331183,96,0.4375,0.498682474653277,42,"Atp5j, Atp5k, Cox4i1, Cox6a1, Cox7a1, Cox7a2, Timm10b, Grpel1, Ndufa2, Ndufa4, Ndufs4, Timm10, Ndufa3, Chchd6, Ndufa9, Cox7b, Ndufc1, Ndufa7, Atp5md, Ndufb3, Uqcrh, Romo1, Ndufa6, Ndufa13, Ndufb8, Apool, Ndufa5, Ndufb10, Micu2, Smdt1, Ndufa11, Atp5mpl, Ndufab1, Ndufs7, Ndufv3, Chchd10, Mcu, Ndufs8, Ndufs2, Ndufs6, Gm5426, Wdr93",blue,kidney,0.4375,SIGNED
155,GO:0140297,DNA-binding transcription factor binding,1.89848137210902e-13,7.58559881575138e-11,7.35577469624054,445,0.204494382022472,0.403785609078627,91,"Actb, Arnt2, Atf4, Bcl3, Bcl6, Klf5, Calr, Cbx5, Ccnt1, Csnk2b, Daxx, Dhx9, Gata3, Gata6, Grm1, Gtf2i, Hdac5, Hmgb1, Hnf4a, Hoxa7, Hsf1, Klf4, Ldb1, Zbtb7a, Smad3, Mdfi, Sik1, Nr1i2, Pbx2, Per1, Ppard, Rarg, Rxrb, Satb1, Ski, Smarcb1, Kdm5c, Ncor2, Src, Stat3, Taf6, Tbl1x, Tbx2, Tbx3, Tbx6, Tcf12, Tcf4, Tcf3, Tead3, Trp53, Nr1h2, Usf2, Yap1, Ywhaz, Ets2, Med24, Esrrb, Mapk3, Keap1, Wipi1, Foxo4, Hdac7, Gsk3b, Noc2l, Stk4, Mlxipl, Carm1, Actn4, Sirt2, Dusp26, Pagr1a, Ctdp1, Atoh8, Bcor, Taf4b, Crtc2, Med25, Brd8, Rbfox2, Tada3, Kdm3a, Dgkq, Flna, Bcas3, Med16, Ubxn7, Pbxip1, Ipo13, Hdac11, Fus, Map3k10",brown,kidney,0.204494382022472,SIGNED
156,GO:0099159,regulation of modification of postsynaptic structure,2.2204460492503099e-16,3.74597472382784e-13,8.20552239580074,17,0.294117647058824,0.469668218313862,5,"Cdc42, Ptk2, Nf1, Gsk3b, Myh10",cyan,kidney,0.294117647058824,SIGNED
157,GO:1904478,regulation of intestinal absorption,0.0,0.0,24.984674552815,13,0.384615384615385,0.506369683541833,5,"Apoa1, Apoa2, Cyp8b1, Hamp2, Hamp",darkorange,kidney,0.384615384615385,SIGNED
158,GO:0006805,xenobiotic metabolic process,1.3988810110277e-14,2.20481072845369e-12,7.69617504575882,98,0.0612244897959184,0.240974248126322,6,"Cbr1, Cyp2d10, Gsta1, Gsta2, Gsta4, Cyp2d26",darkturquoise,kidney,0.0612244897959184,SIGNED
159,GO:0035914,skeletal muscle cell differentiation,0.0,0.0,17.9025278945073,71,0.0704225352112676,0.257678851173418,5,"Atf3, Btg2, Egr1, Fos, Nr4a1",floralwhite,kidney,0.0704225352112676,SIGNED
160,GO:0048755,branching morphogenesis of a nerve,7.72026886863841e-12,1.67456308079276e-08,6.84364384306244,15,0.466666666666667,0.516397779494322,7,"Cpe, Dlx2, Bcl11a, Fgf13, Fgfr2, Hnrnpk, Shox2",green,kidney,0.466666666666667,SIGNED
161,GO:0006631,fatty acid metabolic process,0.0,0.0,10.9200699543574,361,0.14404432132964,0.35162201648163,52,"Acox1, Aldh3a2, Ces1g, Cpt2, Cyp2a4, Cyp2b9, Cyp2d9, Cyp2e1, Cyp2f2, Cyp2j5, Cyp4a12b, Ephx2, Ces1e, Fmo1, Gip, Gnpat, Lipc, Phyh, Pam, Lypla1, Abcd3, Acsm3, Slc27a2, Aoah, Echdc2, Elovl1, Abhd2, Mlycd, Mtor, Fads3, Ptgr1, Hacd2, Crot, Acot12, Aacs, Acox3, Gpat4, Akr1c14, Acat1, Nudt19, Pecr, Cyp2d34, Erfe, Acad9, Cyp2j13, Acsm2, Ces2b, Ces2c, Pdk3, Gcdh, Cyp2c54, Cyp2d11",greenyellow,kidney,0.14404432132964,SIGNED
162,GO:0034702,ion channel complex,1.9768497949712603e-09,4.074457382848e-07,5.99969788205457,243,0.473251028806584,0.500314494841932,115,"Chrng, Cacna1b, Cacna1e, Cacna1s, Cacnb2, Cacnb4, Cacng1, Cacng2, Clcn1, Cnga1, Cnga3, Dlg4, Gabra3, Gabra4, Gabrb1, Gabrb2, Gabrb3, Gabrg1, Gabrg2, Gabrg3, Glra1, Glra4, Glrb, Gria2, Grid2, Grik2, Grik3, Grin1, Grin2a, Grin2c, Grin2d, Hcn1, Hcn3, Htr3a, Kcna1, Kcna2, Kcna3, Kcna4, Kcnab1, Kcnc1, Kcnd1, Kcnd2, Kcnj2, Kcnma1, Kcnq1, Kcnq2, Kcns1, Ryr2, Ryr3, Scn1a, Scn3a, Scn8a, Scn9a, Snap25, Trpc5, Sumo1, Cngb3, Gria3, Cacng3, Cacng4, Kcnip3, Kcnd3, Kcne3, Ttyh1, Cacna1h, Pex5l, Kcne1l, Cntnap2, Micu2, Efcab9, Lrrc8e, Kcnmb2, Shisa9, C2cd6, Trdn, Kcnip4, Kcnb2, Catsperd, Glra3, Chrna3, Scn4a, Gabra5, Clic1, Slc17a6, Pkd1l1, Clic6, Mcu, Clic5, Kcnq5, Olfm3, Chrna9, Cnga4, Scn3b, Stac3, Pde4d, Cacna1i, Kcng2, Lrrc55, Grin3a, Lrrtm4, Ano2, Pkd1l3, Kcnc2, Catsperb, Cacna2d4, Vwc2, Vwc2l, Pkd2l1, Unc80, Hcn4, Cngb1, Best3, Shisa8, Catspere1, Kcnmb3",grey,kidney,0.473251028806584,SIGNED
163,GO:0043489,RNA stabilization,4.401456976665939e-11,7.71101404950514e-09,6.58989196167728,59,0.101694915254237,0.304841126187198,6,"Cirbp, Elavl1, Syncrip, Parn, Hnrnpa0, Tent2",grey60,kidney,0.101694915254237,SIGNED
164,GO:0002250,adaptive immune response,0.0,0.0,18.9905308016609,373,0.117962466487936,0.322996935113671,44,"Ada, Adcy7, C1qa, C1qb, C1qc, C3ar1, C4b, Cd3d, Cd44, Cd48, Cd86, Cfh, Cx3cr1, Adgre1, Fcgr1, Fcgr3, H2-Aa, H2-Ab1, H2-Eb1, H2-DMa, H2-Oa, Cd79b, Ighm, Cd74, Il1b, Il2rb, Irf1, Itk, Klrd1, Anxa1, Slc11a1, Ptprc, Tnfsf13b, Clec4a2, C1s1, Unc93b1, Lat2, Tnfrsf13b, Samsn1, Sash3, Nckap1l, Havcr2, Klhl6, Myo1g",lightcyan,kidney,0.117962466487936,SIGNED
165,GO:0010586,miRNA metabolic process,4.42312853010662e-13,6.436853180394779e-11,7.24193460448116,91,0.0769230769230769,0.267945650822833,7,"App, Gata6, Tert, Gnl3, Lin28a, Mrtfa, Rc3h2",lightgreen,kidney,0.0769230769230769,SIGNED
166,GO:0042824,MHC class I peptide loading complex,0.0,0.0,85.1696104229749,11,0.545454545454545,0.522232967867094,6,"B2m, H2-D1, H2-K1, H2-Q1, H2-Q4, H2-Q7",lightpink4,kidney,0.545454545454545,SIGNED
167,GO:0031983,vesicle lumen,1.1665098442748e-08,2.95191796703984e-05,5.70454980301286,14,0.357142857142857,0.497245158098847,5,"Ins1, Ins2, Pcsk2, Serpini1, Apob",magenta,kidney,0.357142857142857,SIGNED
168,GO:0005201,extracellular matrix structural constituent,0.0,0.0,19.3879283409018,125,0.248,0.433589667773576,31,"Col14a1, Col15a1, Col2a1, Col3a1, Col4a1, Col5a1, Col5a2, Col6a3, Col1a1, Col1a2, Eln, Fbn1, Fn1, Lama2, Mfap2, Matn2, Nid1, Sparc, Tgfbi, Tnc, Postn, Efemp2, Srpx2, Pxdn, Efemp1, Scara3, Spon1, Ltbp1, Abi3bp, Col8a2, Hmcn1",midnightblue,kidney,0.248,SIGNED
169,GO:0030527,structural constituent of chromatin,0.0,0.0,28.851082017981,33,0.151515151515152,0.36410954062721,5,"H4c11, H4c12, H2ac12, H2ac15, H2ac20",orangered4,kidney,0.151515151515152,SIGNED
170,GO:0046460,neutral lipid biosynthetic process,1.58434447783407e-08,5.72753102899537e-06,5.65217035439537,42,0.261904761904762,0.44500061986933,11,"C3, Acsl1, Gpld1, Ldlr, Scarb1, Srebf1, Tcf7l2, Acsl4, Lpin3, Plce1, Gpat2",pink,kidney,0.261904761904762,SIGNED
171,GO:0019814,immunoglobulin complex,0.0,0.0,53.0501360925867,14,0.5,0.518874521662771,7,"Ighg2b, Ighg1, Igkc, Iglc1, Igha, Ighg2c, Igkv12-41",plum1,kidney,0.5,SIGNED
172,GO:0098798,mitochondrial protein-containing complex,0.0,0.0,16.6059426230293,212,0.235849056603774,0.425533104006893,50,"Slc25a4, Atp5pb, Mrps33, Hsd17b10, Idh3g, Mtx1, Mrpl40, Mrps12, Mrpl39, Timm13, Suclg1, Mrps22, Mrps24, Ndufb5, Chchd3, Chchd6, Chchd1, Ndufb9, Mrps28, Iscu, Mrpl11, Mrpl20, Sdhd, Dmac1, Mrpl46, Sdhb, Ndufb4, Ndufc2, Ndufb2, Ndufa8, Mrpl14, Mrpl53, Mrpl13, Mrpl58, Mrps9, Ndufv2, Mrpl32, Malsu1, Immp2l, Mrpl1, Mrpl27, Mrpl36, Mrpl43, Mrps26, Ndufb11, Uqcc3, Mrpl30, Mrps35, Mrpl21, Lyrm4",purple,kidney,0.235849056603774,SIGNED
173,GO:0005549,odorant binding,4.2624537233138e-09,6.26305700312721e-06,5.87367237408279,81,0.197530864197531,0.400616808384888,16,"Lcn4, Obp1a, Vmn1r6, Vmn1r22, Vmn1r28, Vmn1r21, Vmn1r27, Vmn1r226, Vmn1r228, Vmn1r230, Vmn1r233, Vmn1r195, V1rg10, Vmn1r211, Gm14743, Mup6",red,kidney,0.197530864197531,SIGNED
174,GO:0098813,nuclear chromosome segregation,0.0,0.0,31.7071837561293,286,0.143356643356643,0.351050441831508,41,"Birc5, Bub1, Aspm, Ccne1, Ect2, Kif4, Plk1, Aurkb, Aurka, Tacc3, Top2a, Ttk, Cdc6, Racgap1, Cdca8, Ncapg, Cenpk, Nuf2, Ndc80, Cdt1, Cdca5, Trip13, Cenps, Spdl1, Fam83d, Esco2, Tpx2, Kif2c, Ncapg2, Knl1, Espl1, Cdc20, Cenpf, Nusap1, Kif22, Kntc1, Kif15, Ncaph, Prc1, Ccnb1, Kifc1",royalblue,kidney,0.143356643356643,SIGNED
175,GO:0035458,cellular response to interferon-beta,0.0,0.0,33.1757568435095,30,0.3,0.466091599699399,9,"Gbp2, Ifit1, Ifit3, Stat1, Oas1g, Irgm2, Iigp1, Gbp7, Gm4951",saddlebrown,kidney,0.3,SIGNED
176,GO:0005677,chromatin silencing complex,8.881784197001249e-16,4.65017551923456e-13,8.05062214579722,11,0.454545454545455,0.522232967867094,5,"Eed, Rb1, Yy1, Sirt1, Smarca5",salmon,kidney,0.454545454545455,SIGNED
177,GO:0031424,keratinization,0.0,0.0,17.8880934409235,45,0.111111111111111,0.317820863081864,5,"Sprr1a, Sprr2b, Sprr2i, Sprr2k, Krt5",sienna3,kidney,0.111111111111111,SIGNED
178,GO:0006457,protein folding,0.0,0.0,13.7510325128381,131,0.0534351145038168,0.225762881027406,7,"Pdia4, Fkbp4, Hspa5, Hsp90ab1, Stip1, Hsp90b1, Sdf2l1",steelblue,kidney,0.0534351145038168,SIGNED
179,GO:0032922,circadian regulation of gene expression,1.50990331349021e-14,2.9902650404121395e-11,7.6874362415979,61,0.19672131147541,0.400818834019708,12,"Atf4, Noct, Crem, Per2, Ppara, Rbm4, Bhlhe40, Top1, Nr0b2, Rbm4b, Ogt, Kdm2a",tan,kidney,0.19672131147541,SIGNED
180,GO:0031638,zymogen activation,0.0,0.0,59.4810352907681,65,0.2,0.403112887414928,13,"Klk1b9, Klk1, Klk1b11, Klk1b16, Klk1b21, Klk1b24, Klk1b26, Klk1b27, Klk1b5, Klk1b1, Klk1b8, Klk1b4, Klk1b3",thistle2,kidney,0.2,SIGNED
181,GO:0005759,mitochondrial matrix,3.13030017462523e-08,2.92628274689169e-05,5.53398821372902,239,0.297071129707113,0.457927142707822,71,"Acadm, Acadvl, Aldh2, Creb1, Cs, Dbt, Dld, Fh1, Tfb2m, Hspa1b, Mdh2, Grpel1, Nfs1, Mrpl40, Mrpl49, Pdha1, Pdha2, Tfam, Tyms, Mrpl15, Pdhx, Mrpl50, Trmt10c, Ivd, Mrps31, Sirt3, Dap3, Prorp, Tsfm, Lrrk2, Etfdh, Pccb, Dnajc19, Pdhb, Sirt5, Tefm, Mrps18a, Fahd1, Mrpl44, Fastkd3, Csl, Ddx28, Lrpprc, Glrx5, Pmpcb, Mterf2, Lyrm7, Trmt5, Mettl15, Mrps5, Mccc2, Dnaja3, Mrpl3, Mrpl16, Tdrd7, Ppif, Nsun3, Pcca, Etfa, Idh3b, Lactb2, Mtg1, Mars2, Tfb1m, Grsf1, Dlat, Mpg, Nat8l, Pdpr, Primpol, Mthfd2l",turquoise,kidney,0.297071129707113,SIGNED
182,GO:0030695,GTPase regulator activity,0.0,0.0,9.1204712397475,379,0.203166226912929,0.402887069554277,77,"Adrb1, Arhgap31, Asap1, Srgap2, Gnaq, Itsn1, Myo9b, Sirpa, Rasa3, Ralgds, Ralbp1, Rtkn, Slit2, Tiam1, Tiam2, Git2, Rabgap1l, Fgd3, Dlc1, Sgsm1, Ngef, Arhgef7, Arhgef5, Ralgapa1, Tbc1d1, Arhgap23, Gapvd1, Tbc1d2b, Ccdc88c, Arhgef12, Dnmbp, Ranbp10, Akap13, Dock8, Rapgef2, Arfgap2, Arhgef38, Arhgap10, Acap2, Gmip, Gopc, Sh3bp4, Usp6nl, Arfgef2, Plekhg2, Abr, Arhgef28, Srgap1, Rapgef6, Arhgef17, Tbc1d16, Tbc1d12, Dennd6a, Arfgef3, Sipa1l1, Rin3, Spata13, Fgd4, Tbc1d24, Dennd1a, Rap1gds1, Cpeb2, Iqsec1, Ralgapa2, Tbc1d8b, Plekhg3, Slc38a9, Sbf2, Dennd5b, Ocrl, Arhgef37, Dennd1b, Dennd4c, Dock1, Arhgap32, Rap1gap2, Kalrn",yellow,kidney,0.203166226912929,SIGNED
183,GO:0042613,MHC class II protein complex,0.0,0.0,93.2977513402003,11,0.818181818181818,0.404519917477945,9,"B2m, H2-Aa, H2-Ab1, H2-Eb1, H2-DMa, H2-DMb1, H2-DMb2, H2-Oa, Cd74",bisque4,kidney,0.818181818181818,UNSIGNED
184,GO:0005550,pheromone binding,8.42642178255915e-10,6.20070294338561e-08,6.13667935266316,74,0.121621621621622,0.329079359321701,9,"Lcn4, Vmn1r6, Vmn1r22, Vmn1r9, Vmn1r228, Vmn1r230, Vmn1r80, Vmn1r195, Vmn1r211",black,kidney,0.121621621621622,UNSIGNED
185,GO:0006607,NLS-bearing protein import into nucleus,2.2204460492503099e-16,3.6121899122625597e-13,8.20933861099823,6,0.833333333333333,0.408248290463863,5,"Kpna1, Kpna3, Kpna4, Ranbp2, Ipo5",blue,kidney,0.833333333333333,UNSIGNED
186,GO:1905606,regulation of presynapse assembly,1.60511310687284e-07,7.87006480280491e-06,5.24007504316093,37,0.189189189189189,0.397061276955658,7,"App, Wnt7a, Lrrtm1, Nlgn1, Nrg1, Lrfn5, Slitrk4",brown,kidney,0.189189189189189,UNSIGNED
187,GO:0006909,phagocytosis,0.0,0.0,17.6245143192355,187,0.0855614973262032,0.280466355511833,16,"Aif1, Anxa3, Coro1a, Fcgr1, Fcgr3, Itgb2, Anxa1, Ncf4, Slc11a1, Ptprc, Ccl2, Tyrobp, Clec7a, Nckap1l, P2ry6, Myo1g",darkgreen,kidney,0.0855614973262032,UNSIGNED
188,GO:0034364,high-density lipoprotein particle,0.0,0.0,23.8161932820456,27,0.222222222222222,0.423659272868162,6,"Apoc4, Apoa1, Apoa2, Pon1, Apoa5, Apof",darkorange,kidney,0.222222222222222,UNSIGNED
189,GO:0031638,zymogen activation,0.0,0.0,53.5745223120534,65,0.2,0.403112887414928,13,"Klk1b9, Klk1, Klk1b11, Klk1b16, Klk1b21, Klk1b24, Klk1b26, Klk1b27, Klk1b5, Klk1b1, Klk1b8, Klk1b4, Klk1b3",darkseagreen4,kidney,0.2,UNSIGNED
190,GO:0098798,mitochondrial protein-containing complex,0.0,0.0,29.4847811280252,212,0.264150943396226,0.441923559096382,56,"Atp5j, Atp5k, Cox4i1, Cox7a1, Cox7a2, Timm10b, Idh3g, Grpel1, Ndufa2, Ndufa4, Ndufs4, Mrpl40, Timm13, Mrpl12, Mrps24, Aurkaip1, Ndufa3, Chchd6, Ndufa9, Chchd1, Cox7b, Tomm7, Ndufb9, Mrps28, Mrps16, Mrps21, Ndufc1, Ndufa7, Atp5md, Mrpl45, Romo1, Ndufa6, Ndufa13, Ndufb8, Mrpl24, Ndufb4, Ndufc2, Ndufb2, Ndufb10, Mrpl14, Mrpl53, Tomm5, Smdt1, Ndufa11, Atp5mpl, Ndufab1, Mrps34, Immp2l, Mrpl34, Ndufb11, Mrpl30, Mcu, Mrpl22, Ndufs8, Ndufs6, Gm5426",green,kidney,0.264150943396226,UNSIGNED
191,GO:0005244,voltage-gated monoatomic ion channel activity,5.79536418854332e-13,1.21649234464584e-10,7.20519509589131,156,0.0512820512820513,0.221282822821305,8,"Cacna2d3, Kcnd2, Kcnk2, Scn3a, Scn8a, Kcng4, Kcnb2, Kcnj14",greenyellow,kidney,0.0512820512820513,UNSIGNED
192,GO:0005216,monoatomic ion channel activity,3.14667793244183e-06,0.000438321650834,4.661005840444,357,0.80672268907563,0.395422777394824,288,"Asic2, Asic1, Chrna7, Chrnb1, Chrnb2, Chrnd, Chrng, Aqp1, Atp5b, Cacna1b, Cacna1c, Cacna1e, Cacna1g, Cacna1s, Cacna2d1, Cacnb2, Cacnb4, Cacng1, Cacng2, Cftr, Clca3a1, Clcn1, Clcn2, Clcn3, Clcn5, Cnga1, Cnga2, Cnga3, Tmc1, Ncs1, Gabra2, Gabra3, Gabra4, Gabra6, Gabrb1, Gabrb2, Gabrb3, Gabrd, Gabre, Gabrg1, Gabrg2, Gabrg3, Gabrr2, Gjc1, Glra1, Glra4, Glrb, Gria2, Grid1, Grid2, Grik1, Grik2, Grik3, Grin1, Grin2a, Grin2c, Grin2d, Hcn1, Hcn3, Htr3a, Itgav, Itpr2, Kcna1, Kcna2, Kcna3, Kcna4, Kcna5, Kcna6, Kcnab1, Kcnab3, Kcnb1, Kcnc1, Kcnd1, Kcnd2, Kcne1, Kcnh1, Kcnh3, Kcnj12, Kcnj2, Kcnj3, Kcnj4, Kcnj6, Kcnj9, Kcnk2, Kcnk3, Kcnk5, Kcnma1, Kcnu1, Kcnn4, Kcnq1, Kcnq2, Kcns1, Trpm1, Oprm1, Oca2, P2rx1, P2rx4, P2rx7, P2rx6, Pkd2, Pkdrej, Rasa3, Ryr2, Ryr3, Scn10a, Scn1a, Scn1b, Scn3a, Scn7a, Scn8a, Scn9a, Scnn1b, Scnn1g, Snap25, Stim1, Otop1, Trpc4, Trpc5, Vdac1, Trpv2, Clca1, Best1, Clcn6, Clcn7, Trpc7, Trpm2, Clic4, Cngb3, Kcnk6, Tomm40, Sec61a1, Gria3, Cacng3, Cacng4, Cacna1f, Slc1a4, Panx1, Kcnj1, Kcnip3, Kcnd3, Cacna2d2, Trpm5, Gabrq, Kcne3, Ttyh1, Kcne4, Cacna1h, Trpm7, Kcnmb4, Pex5l, Kcnq4, Trpv4, Atp5d, Kcne1l, Gpr89, Tmem109, Trpm4, Otop3, Kcnk10, Lrrc8e, Tmem175, Kcnmb2, Calhm2, Slc17a7, Hvcn1, Tmem38a, Tmc5, Kcnk16, Slc24a2, Pkd1l2, Lrg1, Kcnip4, Clca3a2, Slc24a3, Kcnb2, Clca4a, Kcnc4, Lrrc8c, Ano1, Ano10, Calhm5, Fxyd4, Chrnb3, Grm7, Orai1, Glra3, Chrna3, Chrna5, Kcnq3, Scn2a, Scn4a, Gabra5, Clic1, Stim2, Bsnd, Kcnn3, Slc17a6, Tmem37, Kcnh7, Mcoln3, Asic3, Trpm8, Pkd1l1, Tmc2, Kcnh6, Trpv1, Trpv5, Slc26a7, Clic6, Kcnk12, Kcnh8, Slc24a1, Calhm6, Mcu, Gabrp, Tmc8, Kcnk13, Kcnk9, Apol9a, Slc26a8, Clic5, Kcng3, Trpm3, Kcnq5, Kcnt1, P2rx3, Ano3, Clcc1, Clca3b, Chrna9, Lrrc8d, P2rx2, Ano5, Tmc3, Cnga4, Tpcn2, Scn3b, Glra2, Kcns3, Kcnh5, Slc24a4, Apol8, Cacna1i, Cldn17, Kcng2, Calhm3, Kcnt2, Asic4, Lrrc55, Kcnk15, Kcng1, Kcna10, Grin3a, Slc1a7, Ano2, Pkd1l3, Tmem266, Apol10a, Kcne2, Trpv3, Tpcn1, Kcnc2, Orai3, Calhm4, Trpa1, Slc24a5, Cacna2d4, Ano4, Slc26a9, Apol10b, Pkd2l1, Unc80, Catsper4, Hcn4, Kcnk18, Cngb1, Nalcn, Gjd3, Kcnh4, Ano8, Best3, Ano7, Lrrc8b, Chrna10, Calhm1, Piezo2, Kcnj13, Kcnmb3",grey,kidney,0.80672268907563,UNSIGNED
193,GO:0051304,chromosome separation,0.0,0.0,31.2954933747063,71,0.28169014084507,0.453024710507032,20,"Birc5, Bub1, Smc2, Plk1, Aurkb, Top2a, Ttk, Cdca8, Ncapg, Nuf2, Ndc80, Cdt1, Trip13, Spdl1, Ncapg2, Espl1, Cdc20, Kntc1, Ncaph, Ccnb1",lightgreen,kidney,0.28169014084507,UNSIGNED
194,GO:0019814,immunoglobulin complex,0.0,0.0,47.5034931395793,14,0.357142857142857,0.497245158098847,5,"Ighg2b, Ighg1, Igkc, Igha, Ighg2c",lightpink4,kidney,0.357142857142857,UNSIGNED
195,GO:0000381,"regulation of alternative mRNA splicing, via spliceosome",1.9095836023552702e-14,3.09542822374671e-12,7.6561401275804,48,0.125,0.334218682391596,6,"Dyrk1a, Zbtb7a, Malat1, Rbm5, Mbnl2, Rbm47",magenta,kidney,0.125,UNSIGNED
196,GO:0034663,endoplasmic reticulum chaperone complex,0.0,0.0,19.8073795332218,10,0.5,0.52704627669473,5,"Pdia4, Hspa5, Hsp90b1, Sdf2l1, Pdia6",midnightblue,kidney,0.5,UNSIGNED
197,GO:0006635,fatty acid beta-oxidation,0.0,0.0,27.2333726698657,68,0.102941176470588,0.306141411201305,7,"Acadvl, Cpt2, Hsd17b4, Eci2, Plin5, Ehhadh, Acad11",navajowhite2,kidney,0.102941176470588,UNSIGNED
198,GO:0048407,platelet-derived growth factor binding,0.0,0.0,34.2792658633056,10,0.6,0.516397779494322,6,"Col2a1, Col3a1, Col4a1, Col5a1, Col1a1, Col1a2",orange,kidney,0.6,UNSIGNED
199,GO:0017046,peptide hormone binding,2.86462181620095e-06,0.00019830322755,4.6802951733766,42,0.119047619047619,0.327770067561568,5,"Galr3, Igf1r, Ramp1, Pth2r, Hcrtr2",pink,kidney,0.119047619047619,UNSIGNED
200,GO:0051791,medium-chain fatty acid metabolic process,0.0,0.0,11.6920471010359,16,0.5,0.516397779494322,8,"Ces1g, Cyp4a10, Cyp4a12b, Abhd2, Acot7, Crot, Acad9, Cyp4a32",red,kidney,0.5,UNSIGNED
201,GO:0047023,androsterone dehydrogenase activity,0.0,0.0,18.956033345742,17,0.294117647058824,0.469668218313862,5,"Rdh16, Akr1c20, Rdh19, Rdh16f2, Akr1c19",royalblue,kidney,0.294117647058824,UNSIGNED
202,GO:0030331,nuclear estrogen receptor binding,2.2204460492503099e-16,5.46709824558658e-14,8.28006326527483,43,0.116279069767442,0.324353006224288,5,"Parp1, Ncoa1, Ncoa6, Ddx54, Ppargc1b",salmon,kidney,0.116279069767442,UNSIGNED
203,GO:0030527,structural constituent of chromatin,0.0,0.0,25.7694760980232,33,0.151515151515152,0.36410954062721,5,"H4c11, H4c12, H2ac12, H2ac15, H2ac20",sienna3,kidney,0.151515151515152,UNSIGNED
204,GO:0035458,cellular response to interferon-beta,0.0,0.0,38.7597061679984,30,0.333333333333333,0.479463301485384,10,"Gbp2, Ifit1, Ifit3, Stat1, Oas1g, Irgm2, Gbp3, Iigp1, Gbp7, Gm4951",skyblue,kidney,0.333333333333333,UNSIGNED
205,GO:1902275,regulation of chromatin organization,0.0,0.0,9.52895612367493,44,0.113636363636364,0.32103822064055,5,"Pik3ca, Zfp57, Setd5, Pphln1, Setd1a",tan,kidney,0.113636363636364,UNSIGNED
206,GO:0030695,GTPase regulator activity,0.0,0.0,10.54959914955,379,0.313984168865435,0.464723516554369,119,"Asap1, Fgd1, Gdi1, Gnaq, Nrp1, Pde6d, Cyth1, Dennd5a, Rangap1, Rgl2, Ralbp1, Itsn2, Slit2, Sos1, Tiam1, Git2, Rabgap1l, Fgd3, Dlc1, Rgs11, Preb, Arhgef25, Ngef, Arhgef7, Arhgef5, Lamtor3, Rabgef1, Tbc1d1, Arhgap23, Gapvd1, Ccdc88c, Tbc1d10b, Dock5, Dennd6b, Dab2ip, Arhgef12, Smap2, Rabep2, Syde1, Rgl3, Tbc1d5, Tagap, Arhgap8, Arhgef6, Plce1, Sipa1l3, Ranbp10, Akap13, Dock8, Rapgef2, Tbc1d9b, Arfgap2, Arhgef38, Sbf1, Arhgap10, Acap2, Sh3bp5l, Sh3bp4, Usp6nl, Arfgef2, Rcc1, Plekhg2, Arhgef18, Mycbp2, Sgsm3, Arap3, Chn1, Arrb1, Abr, Bcr, Rap1gap, Arhgap4, Rapgef6, Eif2b1, Arhgef11, Rab3ip, Git1, Sipa1l1, Rin3, Spata13, Arhgap39, Fam13b, Rin1, Ric1, Rabgap1, Dennd1a, Madd, Arfgap1, Dennd4b, Rap1gds1, Cpeb2, Ccz1, Iqsec1, Tbc1d17, Arhgef10, Stard8, Rasgrp3, Ralgapa2, Stard13, Tbc1d8b, Ankrd27, Plekhg3, Slc38a9, Arhgef40, Myo9a, Prex1, Dock6, Sbf2, Tns3, Dennd5b, Ocrl, Arhgef37, Dennd1b, Dennd4c, Dock1, Rap1gap2, Arhgef15, Arhgap27, Kalrn",turquoise,kidney,0.313984168865435,UNSIGNED
207,GO:0098798,mitochondrial protein-containing complex,0.0,0.0,11.7357984443136,212,0.150943396226415,0.358841020923494,32,"Atp5pb, Hsd17b10, Mrpl39, Pdhx, Mrpl50, Tomm70a, Suclg1, Mrps31, Mrps22, Ndufb5, Chchd3, Chchd6, Iscu, Mrpl11, Mrpl20, Uqcrfs1, Sdhd, Dmac1, Mrpl46, Sdhb, Mrpl13, Mrpl58, Mrps9, Ndufv2, Mrpl32, Malsu1, Mrpl1, Mrpl3, Mrpl27, Idh3b, Polrmt, Mrpl21",yellow,kidney,0.150943396226415,UNSIGNED
208,GO:0008328,ionotropic glutamate receptor complex,1.72953372734597e-07,0.0004923766330038,5.22628108367376,35,0.257142857142857,0.44343957363116,9,"Cnih2, Grid2, Grin2a, Grin2d, Ptk2b, Porcn, Cacng3, Abhd6, Grik4",black,gastroc,0.257142857142857,SIGNED
209,GO:0017110,nucleoside diphosphate phosphatase activity,1.42330544017355e-06,0.0064831562799905,4.82171311990749,13,0.538461538461538,0.518874521662771,7,"Entpd1, Entpd6, Entpd5, Nudt5, Pgp, Entpd8, Slc25a42",blue,gastroc,0.538461538461538,SIGNED
210,GO:0022613,ribonucleoprotein complex biogenesis,0.0,0.0,11.5927618046375,316,0.376582278481013,0.485297188805714,119,"Rplp0, Clns1a, Coil, Ddx3x, Dhx9, Eif3a, Celf2, Srsf10, Emg1, Tfb2m, Lyar, Nup88, Pten, Rasl2-9, Strap, Xrcc5, Abce1, Nufip1, Nop16, Abt1, Krr1, Nop58, Ptbp2, Ddx21, Mbnl1, C1d, Spata5, Isy1, Tsc1, Utp3, Bud23, Nip7, Dimt1, Exosc3, Mterf3, Exosc7, Mrpl20, Gtf2h5, Rps21, Esf1, Exosc1, Luc7l, Riox2, Riok2, Ramac, Utp11, Rrp15, Prpf18, Rpf2, Gemin6, Eri1, Mrm3, Sf3a1, Mettl16, Nob1, Ddx47, Brix1, Mak16, Rps27l, Srsf6, Pak1ip1, Denr, Nudt21, Nol11, Mcts1, Ebna1bp2, Mrpl44, Polr2d, Exosc8, Rpf1, Nol8, Riox1, Ddx28, Shq1, Mtrex, LTO1, Cul4b, Wdr75, Khdc4, Nop14, Malsu1, Mettl15, Ddx10, Ddx52, Utp23, Sf3b1, Ngrn, Mrpl36, Nmd3, Clp1, Mdn1, Psip1, Xpo1, Snrpd2, Dicer1, Gtpbp10, Ythdf2, Bms1, Cdc73, Utp25, Mrpl22, Utp6, Heatr1, Dcaf13, Tfb1m, Rsl24d1, Wdr36, Rpp38, Eif2a, Znhit6, Ythdc1, Setx, Wdr3, Snrnp200, Prpf39, Gcfc2, Ltv1, Fdxacb1, Cpsf6",brown,gastroc,0.376582278481013,SIGNED
211,GO:0035456,response to interferon-beta,0.0,0.0,30.5666869163183,40,0.175,0.384807644254793,7,"Gbp2, Ifit1, Ifit3, Irgm2, Gbp3, Iigp1, Bst2",darkorange,gastroc,0.175,SIGNED
212,GO:0005581,collagen trimer,0.0,0.0,21.8090086867276,69,0.159420289855072,0.368749412992438,11,"C1qb, C1qc, Col11a2, Col14a1, Col18a1, Col5a1, Col6a2, Col1a1, Col5a3, C1qtnf6, Scara3",darkred,gastroc,0.159420289855072,SIGNED
213,GO:0003779,actin binding,0.0,0.0,8.31465612919647,352,0.1875,0.390867979985286,66,"Macf1, Adssl1, Cacnb2, Ctnna1, Dag1, Dyrk1a, Egfr, Evl, Ptk2, Kcnma1, Afdn, Map1b, Myh11, Myh9, Myo10, Myo1b, Myo6, Neb, P4hb, Prkce, Rdx, Sntb1, Sntb2, Sptan1, Sptb, Sptbn1, Ttn, Utrn, Ezr, Twf2, Iqgap1, Setd3, Trpm7, Tpm3, Syne1, Wipf2, Mypn, Antxr1, Fmnl2, Palld, Rai14, Clasp2, Limch1, Myh10, Coro7, Clmn, Phactr4, Cald1, Shroom2, Pknox2, Myo5c, Mtss1, Ctnna3, Sipa1l1, Mrtfa, Svil, Rcsd1, Myo1h, Ssh2, Mrtfb, Wasf2, Ppp1r9a, Epb41, Fkbp15, Myo1d, Myo18a",green,gastroc,0.1875,SIGNED
214,GO:0050766,positive regulation of phagocytosis,0.0,0.0,12.9667350184682,73,0.191780821917808,0.396426196247848,14,"C2, C4b, Fcgr1, Fcgr2b, Fcgr3, Cfb, Lbp, Slc11a1, Ptprc, Ccl2, Clec7a, Pycard, Cd209b, Nckap1l",greenyellow,gastroc,0.191780821917808,SIGNED
215,GO:0099634,postsynaptic specialization membrane,4.81293135479177e-06,0.0011979728044304,4.57278099112224,135,0.451851851851852,0.499529906153843,61,"Chrna7, Chrnb1, Arc, Cacng2, Chrm3, Dcc, Dlg4, Drd5, Epha7, Gabra4, Gabrb1, Gabrb2, Glra1, Glra4, Gria2, Grid2, Grik2, Grin1, Grin2c, Hspb1, Kcnd2, Cyth2, Ptprs, Ptprz1, Rgs9, Scn8a, Slc16a7, Tiam1, Vdac1, Dlg2, Pacsin1, Nptx2, Kcnd3, Nectin3, Sorcs3, Shisa9, Lrrtm1, Slitrk1, Slc16a3, Lrrtm2, Grm5, Glra3, Chrna3, Gabra5, Nlgn1, Lrrc4, Adgrb3, Nrg1, Lrrtm3, Dgkb, Abhd17b, Shisa7, Lrrc4c, Grin3a, Lrrtm4, Cnksr2, Gsg1l, Dgki, Il1rapl1, Slitrk3, Syndig1",grey,gastroc,0.451851851851852,SIGNED
216,GO:0098800,inner mitochondrial membrane protein complex,0.0,0.0,34.4715236664783,96,0.25,0.435285750066007,24,"Atp5j, Atp5k, Cox4i1, Cox7a1, Cox7a2, Timm10b, Ndufa2, Ndufs4, Ndufa9, Cox7b, Ndufc1, Atp5md, Romo1, Ndufa13, Ndufb8, Ndufb4, Ndufb2, Ndufb10, Smdt1, Atp5mpl, Ndufab1, Ndufs7, Ndufs8, Ndufs6",grey60,gastroc,0.25,SIGNED
217,GO:0090079,"translation regulator activity, nucleic acid binding",1.56645807436462e-11,2.7763488438641404e-09,6.74160518577866,72,0.0694444444444444,0.255992346325338,5,"Cpeb4, Paip2, Dhx29, Eif5b, Gcn1",lightcyan,gastroc,0.0694444444444444,SIGNED
218,GO:0016712,"oxidoreductase activity, acting on paired donors, with incorporation or reduction of molecular oxygen, reduced flavin or flavoprotein as one donor, and incorporation of one atom of oxygen",0.0,0.0,21.8380024901319,59,0.220338983050847,0.418033021718648,13,"Cyp2a12, Cyp2a4, Cyp2c40, Cyp2d9, Cyp2f2, Cyp2j5, Cyp3a11, Cyp4a10, Cyp3a25, Cyp4f14, Cyp2c50, Cyp2c70, Cyp3a41b",lightgreen,gastroc,0.220338983050847,SIGNED
219,GO:0051020,GTPase binding,1.14841469667226e-12,4.62922915340014e-10,7.11144538887223,274,0.167883211678832,0.374446464542924,46,"Dvl1, Fer, Gdi1, Gnb1, Hdac3, Kpnb1, Kif16b, Ndrg1, Prkch, Pex5, Dennd5a, Ralbp1, Sorl1, Ulk1, Micall1, Sytl4, Bin1, Rassf5, Lztr1, Tbc1d20, Tmem127, Gga2, Ranbp10, Daam2, Bicd2, Wasf1, Sh3bp4, Usp6nl, Rcc1, Exoc8, Gas8, Dock9, Sgsm3, Raf1, Erc1, Mical1, Mical3, Rab3ip, Cdc42bpb, Ipo9, Rabgap1, Dennd1a, Rims4, Mtss2, Ankrd27, Dock1",magenta,gastroc,0.167883211678832,SIGNED
220,GO:0016459,myosin complex,0.0,0.0,21.233635872161,42,0.119047619047619,0.327770067561568,5,"Myh3, Myl3, Myl2, Limch1, Myh7",orange,gastroc,0.119047619047619,SIGNED
221,GO:0048787,presynaptic active zone membrane,2.51682470420178e-08,4.77672355318296e-05,5.57210304724215,56,0.214285714285714,0.414039335605413,12,"Adra2a, Cacna2d1, Gabra2, Gabrb1, Gria2, Hcn1, Nrxn1, Stx3, Cntnap2, Grm7, Apba1, Cdh10",pink,gastroc,0.214285714285714,SIGNED
222,GO:0004860,protein kinase inhibitor activity,1.23012711128467e-13,2.6815757217086e-11,7.41359756150292,30,0.2,0.406838102172486,6,"Cdkn1c, Npm1, Prkar1a, Chp1, Hexim1, Smcr8",purple,gastroc,0.2,SIGNED
223,GO:0097449,astrocyte projection,7.93542007659909e-08,9.01365550816211e-05,5.36859088174289,19,0.368421052631579,0.495594627783352,7,"Dmd, Gfap, Ezr, Grm3, Grm5, Mlc1, Slc2a13",red,gastroc,0.368421052631579,SIGNED
224,GO:0000786,nucleosome,0.0,0.0,23.5088797075271,72,0.0694444444444444,0.255992346325338,5,"H2ac11, H2ac12, H2ac15, H2ac20, H2ac13",saddlebrown,gastroc,0.0694444444444444,SIGNED
225,GO:0051256,mitotic spindle midzone assembly,0.0,0.0,20.4002396050391,7,0.714285714285714,0.487950036474267,5,"Birc5, Aurkb, Racgap1, Cdca8, Prc1",salmon,gastroc,0.714285714285714,SIGNED
226,GO:0043525,positive regulation of neuron apoptotic process,2.50033372228842e-07,3.11175412705567e-05,5.15767631199254,73,0.0684931506849315,0.254338309436231,5,"Cdk5r1, Grik5, Mybl2, Tnf, Pin1",tan,gastroc,0.0684931506849315,SIGNED
227,GO:0000323,lytic vacuole,3.68609984535695e-07,0.0006280179997145,5.08449267936951,438,0.381278538812785,0.486256150110265,167,"Abca2, Ada, Abcd1, Ank3, Anxa11, Anxa6, Apoe, Arsa, Rab27a, Atp6v0d1, Bcl10, Calr, Capn1, Cat, Cd63, Cd68, Tpp1, Cryab, Cryba1, Ctsb, Ctsd, Ctsw, Cyb561, Doc2a, Galc, Gba, Gja1, Gm2a, Grn, H2-DMa, H2-T22, Hap1, Hexa, Hgs, Hsp90ab1, Hyal1, Ids, Ifnar1, Cd74, Kcnq1, Klc2, Lipa, Anxa1, Man2b1, Man2b2, Nprl3, Slc3a2, Fyco1, Mgat3, Myo5a, Myo7a, Naga, Nos1, Sqstm1, Oca2, P2ry2, Pax2, Pde1c, Prkcd, Pld3, Ctsa, Psen1, Psen2, Abcd4, Hps6, Smpd1, Sod1, Scarb1, Src, Stxbp2, Tfeb, Uba1, Rnf13, Sgsh, Clnk, Abca3, Naglu, Trpm2, Ppt2, Unc93b1, Syt7, Stx8, Nprl2, Cts8, Abcb9, Ctsf, Sphk2, Glmp, Ncstn, Ctsz, Slc15a3, Lamtor4, Ifitm3, Tmem9, Chmp4c, Ubxn6, Cdip1, Map1lc3a, Map1lc3b, Slc48a1, Npc2, Chid1, Ifitm1, Arl8a, Tmem97, Sult1c2, Plekhm2, Tmbim1, Unc13d, Spag9, Slc29a3, Spaar, Tmem25, Dram1, Vps11, Chit1, Borcs8, Prcp, Tmem192, Sppl2b, Spns1, Mfsd12, Arsg, Tm9sf1, Ctbs, Ifitm7, Slc35f6, Rnf19b, Kxd1, Rnase6, Hrg, Mcoln1, Tinagl1, Slc15a4, Itfg2, Chmp7, Trip10, Ank2, Hyal3, Gusb, Vps4a, Shkbp1, Chmp6, Zfyve26, Pip4p1, Klhl22, Marchf2, Slc2a6, Syt11, Aldob, Slc30a2, Tmem150c, Vps33b, Dync1li1, Sppl2c, Tpcn1, Slc26a11, Wdr24, Rilp, Wdr59, Vps13c, Pla2g4e, Plekhm1, Defa42, Vps13b, Epg5, H2-Ea",turquoise,gastroc,0.381278538812785,SIGNED
228,GO:0043218,compact myelin,0.0,0.0,42.5018876529361,16,0.375,0.5,6,"Cdh1, Mal, Mbp, Pmp22, Pllp, Ncmap",white,gastroc,0.375,SIGNED
229,GO:0098982,GABA-ergic synapse,3.44665027185442e-07,0.0002616581998049,5.0972269526111,124,0.185483870967742,0.390266439816034,23,"Acan, Cacna1e, Camk4, Erbb4, Gabrb3, Glrb, Lpar1, Htr1a, Kcnd2, Nrxn1, Nptn, Nbea, Cntnap2, Grip1, Slitrk1, Nlgn1, Nrg1, Arhgef9, Cntn5, Gphn, Mdga2, Cdh10, Nrg2",yellow,gastroc,0.185483870967742,SIGNED
230,GO:0042613,MHC class II protein complex,0.0,0.0,64.3531146077691,11,0.545454545454545,0.522232967867094,6,"H2-Aa, H2-Ab1, H2-Eb1, H2-DMa, H2-DMb1, Cd74",bisque4,gastroc,0.545454545454545,UNSIGNED
231,GO:0098800,inner mitochondrial membrane protein complex,0.0,0.0,33.8610514938063,96,0.322916666666667,0.470045723793059,31,"Atp5j, Atp5k, Cox4i1, Cox7a1, Cox7a2, Timm10b, Grpel1, Ndufa2, Ndufa4, Ndufs4, Ndufv1, Ndufa9, Cox7b, Ndufc1, Ndufa7, Atp5md, Timm50, Romo1, Ndufa6, Ndufa13, Ndufb8, Ndufb2, Ndufb10, Smdt1, Ndufa11, Atp5mpl, Ndufab1, Ndufs7, Ndufs8, Ndufs6, Gm5426",black,gastroc,0.322916666666667,UNSIGNED
232,GO:0003712,transcription coregulator activity,1.39162015244665e-10,1.86985308282735e-07,6.41680715169351,395,0.263291139240506,0.44097757554031,104,"Nr0b1, Crebbp, Ctbp2, Daxx, Dcc, Arid3a, Dyrk1b, Ezh1, Kat2a, Tle5, Hdac5, Ldb1, Ldb2, Pias2, Sqstm1, Mybbp1a, Pa2g4, Pparg, Ptpn14, Trim27, Rxrb, Ski, Smarcb1, Med22, Taf6, Tbl1x, Trim28, Tle1, Tle2, Ube2l3, Zfpm1, Mta2, Med24, Rbck1, Prmt5, Limd1, Hdgfl3, Sirt6, Zmiz2, Atf7ip, Sfmbt1, Hdac7, Mycbp, Pus1, Supt20, C1d, Noc2l, Cnot9, Eid1, Dmap1, Drap1, Tcf25, Smarcd3, Riox2, Pmf1, Psmd9, Mtdh, Med31, Calcoco1, Trim62, Hsbp1, Rere, Ascc1, Basp1, Mier2, Wdr77, Ssbp3, Zcchc12, Mamstr, Bcl9, Zxdc, Wwox, Smarcd1, Rbfox2, Med15, Kdm1a, Camta1, Maml1, Ddx1, Arl2bp, Lmo1, Actn1, Tle6, Mta3, Hdac4, Vgll2, Dhrs7b, Mrtfa, Flywch1, Pbxip1, Pias3, Kmt2c, Tmf1, Fbxl19, Fus, Ccdc124, Phf12, Irf2bp1, Bcorl1, Zmiz1, Kmt2d, N4bp2l2, Eid2b, Zxdb",blue,gastroc,0.263291139240506,UNSIGNED
233,GO:0022613,ribonucleoprotein complex biogenesis,0.0,0.0,10.8885831985346,316,0.208860759493671,0.407139420266153,66,"Clns1a, Eif3a, Celf2, Emg1, Tfb2m, Nup88, Pten, Strap, Xrcc5, Abce1, Krr1, Ddx21, Mbnl1, Rps27, C1d, Spata5, Bud23, Nip7, Exosc3, Mterf3, Exosc7, Gtf2h5, Esf1, Riok2, Ramac, Utp11, Rrp15, Prpf18, Rpf2, Gemin6, Brix1, Rps27l, Denr, Nol11, Mcts1, Mrpl44, Polr2d, Exosc8, Rpf1, Nol8, Ddx28, Shq1, Wdr43, Cul4b, Wdr75, Mettl15, Ddx10, Ddx52, Mrpl36, Nmd3, Psip1, Xpo1, Gtpbp10, Ythdf2, Cdc73, Utp6, Dcaf13, Tfb1m, Wdr36, Rpp38, Eif2a, Znhit6, Setx, Wdr3, Ltv1, Cpsf6",brown,gastroc,0.208860759493671,UNSIGNED
234,GO:0016459,myosin complex,0.0,0.0,19.2012724295755,42,0.119047619047619,0.327770067561568,5,"Myh3, Myl3, Myl2, Limch1, Myh7",darkgreen,gastroc,0.119047619047619,UNSIGNED
235,GO:0009062,fatty acid catabolic process,0.0,0.0,29.7638062385119,92,0.141304347826087,0.350243925648135,13,"Acadm, Acadvl, Cpt2, Hadh, Eci2, Acaa2, Mlycd, Etfdh, Plin5, Decr1, Nudt7, Acat1, Acot2",darkred,gastroc,0.141304347826087,UNSIGNED
236,GO:0098688,parallel fiber to Purkinje cell synapse,2.46646210566581e-07,1.30484725799161e-05,5.16023032502604,34,0.176470588235294,0.386952994975947,6,"Cbln1, Grid2, Grin2a, Kcnj6, Cntn6, Ppfia4",green,gastroc,0.176470588235294,UNSIGNED
237,GO:0071383,cellular response to steroid hormone stimulus,5.1023629765722896e-12,9.33384070613928e-10,6.90269651205975,135,0.0518518518518519,0.22255365003088,7,"Zfp36l1, Zbtb7a, Nedd4, Rest, Gsk3b, Strn3, Safb",greenyellow,gastroc,0.0518518518518519,UNSIGNED
238,GO:0016503,pheromone receptor activity,0.000224064201189,0.0188304877567537,3.69021544850587,81,0.851851851851852,0.35746017649212,69,"Vmn1r51, Vmn1r49, Vmn1r43, Vmn1r42, Vmn1r54, Vmn1r50, Vmn1r44, Vmn1r40, Vmn1r46, Vmn1r41, Vmn1r36, Vmn1r35, Vmn1r38, Vmn1r33, Vmn1r32, Vmn1r17, Vmn1r24, Vmn1r5, Vmn1r6, Vmn1r4, Vmn1r30, Vmn1r22, Vmn1r23, Vmn1r18, Vmn1r21, Vmn1r16, Vmn1r9, Vmn1r8, Vmn1r27, Vmn1r229, Vmn1r232, Vmn1r225, Vmn1r227, Vmn1r231, Vmn1r230, Vmn1r235, Vmn1r237, Vmn1r236, Vmn1r233, Vmn1r73, Vmn1r74, Vmn1r75, Vmn1r83, Vmn1r81, Vmn1r200, Vmn1r214, Vmn1r206, Vmn1r215, Vmn1r198, Vmn1r201, Vmn1r218, Vmn1r202, Vmn1r193, Vmn1r89, Vmn1r87, Vmn1r70, Vmn1r66, V1rg10, Vmn1r84, Vmn1r82, Vmn1r210, Vmn1r219, Vmn1r217, Vmn1r222, Vmn1r197, Vmn1r216, Vmn1r189, Vmn1r188, Vmn1r7",grey,gastroc,0.851851851851852,UNSIGNED
239,GO:0005201,extracellular matrix structural constituent,0.0,0.0,16.5130661612655,125,0.08,0.272384926872059,10,"Col15a1, Col5a2, Col6a3, Lamb1, Matn2, Nid1, Nid2, Mfap5, Pxdn, Abi3bp",lightgreen,gastroc,0.08,UNSIGNED
240,GO:0071621,granulocyte chemotaxis,0.0,0.0,13.6160033502525,110,0.0636363636363636,0.24522121551186,7,"Fcgr3, Itgb2, Anxa1, Mpp1, Ccl6, Ccl8, Nckap1l",lightyellow,gastroc,0.0636363636363636,UNSIGNED
241,GO:0022625,cytosolic large ribosomal subunit,0.0,0.0,18.8832420951397,27,0.185185185185185,0.39584739066357,5,"Rpl8, Rpl39, Rpl34, Rpl31, Rpl36-ps4",magenta,gastroc,0.185185185185185,UNSIGNED
242,GO:0035458,cellular response to interferon-beta,0.0,0.0,30.2731754021536,30,0.166666666666667,0.379049021789452,5,"Gbp2, Ifit1, Ifit3, Gbp3, Iigp1",mediumpurple3,gastroc,0.166666666666667,UNSIGNED
243,GO:0072378,"blood coagulation, fibrin clot formation",0.0,0.0,20.9177391900239,21,0.285714285714286,0.462910049886276,6,"Apoh, Serpinc1, F13b, F2, Fgg, Fgb",midnightblue,gastroc,0.285714285714286,UNSIGNED
244,GO:0043218,compact myelin,0.0,0.0,34.6114488521849,16,0.3125,0.478713553878169,5,"Mal, Mbp, Pmp22, Pllp, Ncmap",orange,gastroc,0.3125,UNSIGNED
245,GO:0050873,brown fat cell differentiation,0.0,0.0,11.8961929157945,50,0.16,0.370328039909021,8,"Adipoq, Cebpa, Scd1, Slc7a10, Rarres2, Lrg1, Mrap, Ffar4",purple,gastroc,0.16,UNSIGNED
246,GO:0005549,odorant binding,2.40762433878494e-06,0.0002509548938939,4.715800352214,81,0.0617283950617284,0.242161052418926,5,"Obp1a, Vmn1r28, Vmn1r228, Vmn1r80, Vmn1r195",red,gastroc,0.0617283950617284,UNSIGNED
247,GO:0042824,MHC class I peptide loading complex,0.0,0.0,80.2926389284314,11,0.545454545454545,0.522232967867094,6,"B2m, H2-D1, H2-K1, H2-Q1, H2-Q4, H2-Q7",thistle2,gastroc,0.545454545454545,UNSIGNED
248,GO:0010639,negative regulation of organelle organization,2.8715696487324697e-11,1.33469385203841e-08,6.65301100326216,315,0.26984126984127,0.444583437976746,85,"Avp, Bak1, Bcl2l2, Bmp4, Capn1, Cav3, Cdh5, Cfl1, Chek1, Mapre1, Esr1, Evl, Fgf13, Fgfr2, Gdi2, Rhpn1, H3f3a, Hdac6, Hnrnpc, Arhgef2, Limk2, Smad4, Mcm2, Met, Map4, Mapt, Pfn1, Rad21, Sub1, Rps6ka2, Sec22b, Sgk1, Sptan1, Tesk1, Tmod1, Tnks, Tubb4a, Prap1, Vill, Was, Baz1b, Yap1, Map3k1, Dysf, Zw10, Hip1r, Dlc1, Zwint, Becn1, Naa10, Shank3, Lima1, Nuf2, Mfn1, Camsap2, Triap1, Ten1, Nbdy, Tpx2, Opa1, Cep97, Arpc2, Tmsb15a, Nol3, Wdr47, Usp30, Ppif, Cdc20, Stn1, Tpr, Mfn2, Phldb2, Kntc1, Arfgef1, Cdk5rap2, Tent4b, Pak2, Camsap1, Kank2, Dync1li1, Gnl3l, Shank1, Nav3, Usp44, Arhgap33os",turquoise,gastroc,0.26984126984127,UNSIGNED
249,GO:0051987,positive regulation of attachment of spindle microtubules to kinetochore,0.0,0.0,48.2523509515867,10,0.5,0.52704627669473,5,"Birc5, Aurkb, Cdca8, Cenpe, Ccnb1",violet,gastroc,0.5,UNSIGNED
250,GO:0030695,GTPase regulator activity,1.13464793116691e-13,6.30283088593326e-11,7.42428852943221,379,0.129287598944591,0.335961494910858,49,"Arhgap31, Asap1, Gnaq, Grb2, Agfg1, Sirpa, Rasa3, Git2, Rabgap1l, Dlc1, Arhgef7, Tbc1d8, Tbc1d1, Arhgap23, Gapvd1, Dock5, Dab2ip, Arhgef12, Smap2, Arhgap21, Plce1, Akap13, Rapgef2, Arfgap2, Arhgap10, Acap2, Krit1, Garnl3, Arfgef2, Mycbp2, Abr, Rapgef6, Tbc1d12, Dennd1a, Madd, Rap1gds1, Dock4, Ralgapa2, Slc38a9, Dock6, Sbf2, Rinl, Dennd5b, Ocrl, Arhgef37, Dennd1b, Dennd4c, Dock1, Kalrn",yellow,gastroc,0.129287598944591,UNSIGNED
251,GO:0000786,nucleosome,0.0,0.0,26.0311404914903,72,0.0694444444444444,0.255992346325338,5,"H2ac11, H2ac12, H2ac15, H2ac20, H2ac13",yellowgreen,gastroc,0.0694444444444444,UNSIGNED
